Code,Date,Open,High,Low,Close,Volume
ADANIENT,2016-03-15 09:15:00, 66.1, 67, 66, 66.8, 911873
ADANIENT,2016-03-15 09:45:00, 66.75, 67.5, 66.6, 66.6, 478458
ADANIENT,2016-03-15 10:15:00, 66.65, 67.75, 66.25, 67.4, 577740
ADANIENT,2016-03-15 10:45:00, 67.45, 67.7, 67.05, 67.55, 332546
ADANIENT,2016-03-15 11:15:00, 67.55, 67.6, 67, 67.2, 516955
ADANIENT,2016-03-15 11:45:00, 67.2, 67.5, 66.5, 66.8, 1555202
ADANIENT,2016-03-15 12:15:00, 66.8, 67.1, 66.75, 66.95, 232171
ADANIENT,2016-03-15 12:45:00, 66.95, 67.15, 66.45, 66.8, 401084
ADANIENT,2016-03-15 13:15:00, 66.8, 66.9, 66.15, 66.6, 1162089
ADANIENT,2016-03-15 13:45:00, 66.6, 66.7, 66.3, 66.45, 255809
ADANIENT,2016-03-15 14:15:00, 66.45, 66.8, 66.4, 66.8, 172368
ADANIENT,2016-03-15 14:45:00, 66.8, 66.85, 66.45, 66.55, 271093
ADANIENT,2016-03-15 15:15:00, 66.55, 66.85, 66.5, 66.55, 288093
ADANIENT,2016-03-16 09:45:00, 67.4, 67.5, 66.9, 67.15, 315258
ADANIENT,2016-03-16 09:15:00, 67.9, 68.3, 67.2, 67.4, 935352
ADANIENT,2016-03-16 10:15:00, 67.15, 67.2, 66.7, 66.8, 174703
ADANIENT,2016-03-16 10:45:00, 66.8, 67.15, 66.75, 66.95, 113980
ADANIENT,2016-03-16 11:15:00, 66.95, 66.95, 66.35, 66.45, 221878
ADANIENT,2016-03-16 11:45:00, 66.45, 66.45, 65.3, 65.7, 363721
ADANIENT,2016-03-16 12:15:00, 65.7, 66.1, 65.45, 65.55, 267905
ADANIENT,2016-03-16 13:15:00, 65.7, 66.2, 65.6, 65.95, 135852
ADANIENT,2016-03-16 12:45:00, 65.55, 65.8, 65.5, 65.7, 67988
ADANIENT,2016-03-16 13:45:00, 65.95, 66.3, 65.75, 65.9, 128592
ADANIENT,2016-03-16 14:15:00, 65.9, 66.45, 65.8, 66.35, 175943
ADANIENT,2016-03-16 14:45:00, 66.35, 66.4, 65.7, 65.8, 308318
ADANIENT,2016-03-16 15:15:00, 65.9, 66.5, 65.8, 66.3, 382990
ADANIENT,2016-03-17 09:15:00, 67, 67.25, 66.65, 67, 258344
ADANIENT,2016-03-17 09:45:00, 66.95, 67.05, 66.7, 66.8, 177225
ADANIENT,2016-03-17 10:15:00, 66.8, 66.85, 66.4, 66.45, 161154
ADANIENT,2016-03-17 10:45:00, 66.45, 66.55, 66.3, 66.45, 88080
ADANIENT,2016-03-17 11:15:00, 66.45, 66.9, 66.4, 66.9, 57716
ADANIENT,2016-03-17 11:45:00, 66.9, 69.1, 66.75, 68.35, 1292579
ADANIENT,2016-03-17 12:15:00, 68.4, 68.4, 67.8, 67.95, 268499
ADANIENT,2016-03-17 12:45:00, 67.85, 68, 67.8, 67.9, 111429
ADANIENT,2016-03-17 13:15:00, 67.9, 68, 67.8, 67.9, 93982
ADANIENT,2016-03-17 13:45:00, 67.9, 67.95, 67.55, 67.7, 92805
ADANIENT,2016-03-17 14:15:00, 67.7, 67.75, 67.15, 67.5, 247819
ADANIENT,2016-03-17 14:45:00, 67.55, 67.7, 67.1, 67.4, 297240
ADANIENT,2016-03-17 15:15:00, 67.4, 67.45, 67, 67.25, 220844
ADANIENT,2016-03-18 09:15:00, 67.55, 68, 67.3, 67.4, 295736
ADANIENT,2016-03-18 09:45:00, 67.4, 68.25, 67.35, 67.95, 235482
ADANIENT,2016-03-18 10:15:00, 67.95, 68.05, 67.85, 67.9, 70544
ADANIENT,2016-03-18 10:45:00, 67.9, 68.1, 67.8, 67.9, 76524
ADANIENT,2016-03-18 11:15:00, 67.9, 68.05, 67.8, 67.9, 51741
ADANIENT,2016-03-18 11:45:00, 67.9, 67.95, 67.6, 67.7, 47422
ADANIENT,2016-03-18 12:15:00, 67.7, 67.95, 67.7, 67.9, 29962
ADANIENT,2016-03-18 12:45:00, 67.9, 68, 67.8, 67.95, 47654
ADANIENT,2016-03-18 13:15:00, 67.95, 68, 67.7, 67.8, 78205
ADANIENT,2016-03-18 13:45:00, 67.9, 68, 67.5, 68, 144788
ADANIENT,2016-03-18 14:15:00, 68, 68.9, 67.9, 68.7, 375077
ADANIENT,2016-03-18 14:45:00, 68.7, 69.45, 68.55, 68.8, 921381
ADANIENT,2016-03-18 15:15:00, 68.8, 69.1, 68.65, 68.7, 319217
ADANIENT,2016-03-21 09:15:00, 68.4, 68.75, 67.8, 68, 418469
ADANIENT,2016-03-21 09:45:00, 68, 69, 67.95, 68.7, 218754
ADANIENT,2016-03-21 10:15:00, 68.7, 69.35, 68.65, 69.3, 177730
ADANIENT,2016-03-21 10:45:00, 69.3, 69.5, 69.15, 69.15, 182253
ADANIENT,2016-03-21 11:15:00, 69.15, 69.2, 68.5, 68.9, 164115
ADANIENT,2016-03-21 11:45:00, 68.9, 69.15, 68.75, 69.05, 180507
ADANIENT,2016-03-21 12:15:00, 69.05, 69.1, 68.7, 68.8, 62731
ADANIENT,2016-03-21 12:45:00, 68.8, 68.9, 68.55, 68.75, 125302
ADANIENT,2016-03-21 13:15:00, 68.75, 68.8, 68.25, 68.55, 154397
ADANIENT,2016-03-21 13:45:00, 68.55, 69.1, 68.55, 68.9, 104208
ADANIENT,2016-03-21 14:15:00, 68.9, 69.15, 68.65, 69, 265388
ADANIENT,2016-03-21 14:45:00, 69, 69.05, 68.4, 68.75, 179834
ADANIENT,2016-03-21 15:15:00, 68.75, 68.75, 68.2, 68.45, 168842
ADANIENT,2016-03-22 09:15:00, 68.75, 69.05, 68.05, 68.6, 393300
ADANIENT,2016-03-22 09:45:00, 68.6, 68.95, 68.5, 68.55, 112591
ADANIENT,2016-03-22 10:15:00, 68.55, 69, 68.55, 68.85, 100345
ADANIENT,2016-03-22 10:45:00, 68.85, 68.9, 68.6, 68.65, 92509
ADANIENT,2016-03-22 11:15:00, 68.7, 68.9, 68.6, 68.8, 57663
ADANIENT,2016-03-22 11:45:00, 68.8, 68.85, 68.65, 68.65, 54483
ADANIENT,2016-03-22 12:15:00, 68.7, 68.7, 68.05, 68.2, 178975
ADANIENT,2016-03-22 12:45:00, 68.2, 68.2, 67.9, 68.05, 106008
ADANIENT,2016-03-22 13:15:00, 68.05, 68.2, 67.5, 67.75, 139587
ADANIENT,2016-03-22 13:45:00, 67.75, 67.9, 67.35, 67.9, 158550
ADANIENT,2016-03-22 14:15:00, 67.9, 68.4, 67.75, 68.2, 159156
ADANIENT,2016-03-22 14:45:00, 68.2, 68.75, 67.85, 68.55, 230314
ADANIENT,2016-03-22 15:15:00, 68.55, 68.65, 68.3, 68.5, 126652
ADANIENT,2016-03-23 09:15:00, 68.5, 69.8, 68.25, 69.55, 406908
ADANIENT,2016-03-23 09:45:00, 69.6, 72.1, 69.6, 71.45, 1409245
ADANIENT,2016-03-23 10:15:00, 71.45, 71.7, 71, 71.1, 343234
ADANIENT,2016-03-23 10:45:00, 71.1, 71.35, 71, 71.35, 287158
ADANIENT,2016-03-23 11:15:00, 71.35, 72.3, 71, 71.75, 602359
ADANIENT,2016-03-23 11:45:00, 71.75, 71.95, 71.5, 71.6, 194513
ADANIENT,2016-03-23 12:15:00, 71.6, 71.9, 71.6, 71.65, 110982
ADANIENT,2016-03-23 12:45:00, 71.65, 72.25, 71.65, 72, 196454
ADANIENT,2016-03-23 13:15:00, 72, 72.25, 71.75, 72.1, 195196
ADANIENT,2016-03-23 13:45:00, 72.1, 72.25, 71.75, 71.75, 136812
ADANIENT,2016-03-23 14:15:00, 71.75, 72.2, 71.5, 71.65, 210331
ADANIENT,2016-03-23 14:45:00, 71.65, 71.7, 71.15, 71.25, 608807
ADANIENT,2016-03-23 15:15:00, 71.2, 71.4, 70.75, 70.9, 326690
ADANIENT,2016-03-28 09:15:00, 71.45, 71.7, 70.45, 70.6, 553048
ADANIENT,2016-03-28 09:45:00, 70.6, 70.8, 69.3, 70, 259325
ADANIENT,2016-03-28 10:15:00, 70, 70.35, 69.85, 70.1, 93805
ADANIENT,2016-03-28 10:45:00, 70.1, 70.15, 69.6, 69.85, 82468
ADANIENT,2016-03-28 11:15:00, 69.85, 70, 69.6, 69.7, 144781
ADANIENT,2016-03-28 11:45:00, 69.7, 70.15, 69.6, 69.7, 240469
ADANIENT,2016-03-28 12:15:00, 69.7, 69.85, 69.25, 69.4, 173017
ADANIENT,2016-03-28 12:45:00, 69.4, 69.8, 69.3, 69.7, 58184
ADANIENT,2016-03-28 13:15:00, 69.7, 69.75, 69.35, 69.75, 49504
ADANIENT,2016-03-28 13:45:00, 69.75, 69.75, 69.35, 69.5, 138155
ADANIENT,2016-03-28 14:15:00, 69.5, 69.5, 68.3, 68.6, 273392
ADANIENT,2016-03-28 14:45:00, 68.6, 68.6, 68.1, 68.4, 193695
ADANIENT,2016-03-28 15:15:00, 68.4, 68.7, 68.25, 68.25, 164585
ADANIENT,2016-03-29 09:15:00, 68.25, 68.95, 67.05, 68.85, 337046
ADANIENT,2016-03-29 09:45:00, 68.8, 69, 68.15, 68.35, 123929
ADANIENT,2016-03-29 10:15:00, 68.35, 68.45, 67.85, 68, 80153
ADANIENT,2016-03-29 10:45:00, 67.95, 68.15, 67.35, 67.75, 145518
ADANIENT,2016-03-29 11:15:00, 67.75, 67.95, 67.3, 67.65, 115683
ADANIENT,2016-03-29 11:45:00, 67.65, 67.75, 67.15, 67.45, 89345
ADANIENT,2016-03-29 12:15:00, 67.45, 68, 67.45, 67.8, 61742
ADANIENT,2016-03-29 12:45:00, 67.8, 68, 67.55, 67.75, 99721
ADANIENT,2016-03-29 13:15:00, 67.75, 67.9, 67.35, 67.35, 42742
ADANIENT,2016-03-29 13:45:00, 67.35, 67.85, 67.35, 67.65, 86659
ADANIENT,2016-03-29 14:15:00, 67.65, 68.4, 67.65, 68.1, 140202
ADANIENT,2016-03-29 14:45:00, 68.1, 68.25, 67.65, 67.85, 170598
ADANIENT,2016-03-29 15:15:00, 67.85, 67.9, 67.3, 67.3, 114466
ADANIENT,2016-03-30 09:15:00, 68.25, 68.95, 68.25, 68.65, 224324
ADANIENT,2016-03-30 09:45:00, 68.65, 69.7, 68.6, 69.3, 178163
ADANIENT,2016-03-30 10:15:00, 69.3, 71, 69.2, 70.9, 519041
ADANIENT,2016-03-30 10:45:00, 70.95, 71, 70.55, 70.8, 208620
ADANIENT,2016-03-30 11:15:00, 70.85, 71.9, 70.55, 71.55, 583030
ADANIENT,2016-03-30 11:45:00, 71.5, 72.15, 71.35, 72, 397135
ADANIENT,2016-03-30 12:15:00, 72, 72.2, 71.6, 71.85, 315329
ADANIENT,2016-03-30 12:45:00, 71.85, 72, 71.3, 71.8, 264802
ADANIENT,2016-03-30 13:15:00, 71.75, 72, 71.5, 71.85, 155884
ADANIENT,2016-03-30 13:45:00, 71.85, 72.9, 71.65, 72.45, 442268
ADANIENT,2016-03-30 14:15:00, 72.45, 72.7, 72.25, 72.55, 162548
ADANIENT,2016-03-30 14:45:00, 72.55, 72.9, 72.4, 72.6, 378048
ADANIENT,2016-03-30 15:15:00, 72.6, 72.7, 72.25, 72.5, 359964
ADANIENT,2016-03-31 09:15:00, 72.75, 74.15, 72.75, 73.6, 949499
ADANIENT,2016-03-31 09:45:00, 73.6, 74.9, 73.6, 74.2, 588608
ADANIENT,2016-03-31 10:15:00, 74.2, 74.45, 74, 74.1, 131204
ADANIENT,2016-03-31 10:45:00, 74.1, 74.3, 73.9, 74.2, 126173
ADANIENT,2016-03-31 11:15:00, 74.2, 74.3, 73.7, 73.9, 126792
ADANIENT,2016-03-31 11:45:00, 73.9, 74.2, 73.65, 73.8, 246777
ADANIENT,2016-03-31 12:15:00, 73.8, 74.25, 73.7, 73.95, 153655
ADANIENT,2016-03-31 12:45:00, 73.95, 74.1, 73.7, 73.9, 106118
ADANIENT,2016-03-31 13:15:00, 73.9, 74.2, 73.9, 74.1, 125119
ADANIENT,2016-03-31 13:45:00, 74.1, 74.55, 74.1, 74.55, 235745
ADANIENT,2016-03-31 14:15:00, 74.5, 74.6, 73.55, 73.8, 288316
ADANIENT,2016-03-31 14:45:00, 73.8, 74.25, 73.25, 74, 1237670
ADANIENT,2016-03-31 15:15:00, 74, 74.1, 73.6, 73.7, 1049137
ADANIENT,2016-04-01 09:15:00, 73.5, 74.25, 72.85, 74.05, 353641
ADANIENT,2016-04-01 09:45:00, 74.05, 77.6, 73.95, 77, 876968
ADANIENT,2016-04-01 10:45:00, 76.65, 77, 76.5, 76.6, 156116
ADANIENT,2016-04-01 10:15:00, 77, 77.2, 76.3, 76.65, 434774
ADANIENT,2016-04-01 11:15:00, 76.6, 76.7, 76.35, 76.65, 104200
ADANIENT,2016-04-01 11:45:00, 76.7, 77.5, 76.6, 77.2, 322475
ADANIENT,2016-04-01 12:15:00, 77.2, 77.35, 76.7, 77.35, 192824
ADANIENT,2016-04-01 12:45:00, 77.35, 77.35, 76.9, 77.2, 181182
ADANIENT,2016-04-01 13:15:00, 77.2, 77.35, 76.8, 77, 178590
ADANIENT,2016-04-01 13:45:00, 77, 77.25, 76.9, 76.95, 214604
ADANIENT,2016-04-01 14:15:00, 77, 77.3, 76.6, 76.65, 243516
ADANIENT,2016-04-01 14:45:00, 76.65, 76.85, 75.7, 76.15, 549196
ADANIENT,2016-04-01 15:15:00, 76.1, 76.6, 76, 76.3, 320851
ADANIENT,2016-04-04 09:15:00, 79.6, 81.8, 79.6, 80.7, 2330711
ADANIENT,2016-04-04 09:45:00, 80.7, 81.5, 80.45, 80.7, 611727
ADANIENT,2016-04-04 10:15:00, 80.75, 81.45, 80.5, 81.1, 510858
ADANIENT,2016-04-04 10:45:00, 81.1, 81.2, 80.55, 80.8, 317428
ADANIENT,2016-04-04 11:15:00, 80.8, 80.9, 80.55, 80.6, 256567
ADANIENT,2016-04-04 11:45:00, 80.6, 81, 80.55, 80.7, 179299
ADANIENT,2016-04-04 12:15:00, 80.7, 80.95, 80.6, 80.75, 178155
ADANIENT,2016-04-04 12:45:00, 80.7, 81.15, 80.6, 80.9, 302203
ADANIENT,2016-04-04 13:15:00, 80.9, 81.4, 80.75, 80.95, 376489
ADANIENT,2016-04-04 13:45:00, 80.95, 81.15, 80.85, 81.05, 185094
ADANIENT,2016-04-04 14:15:00, 80.95, 81.2, 80.65, 81.05, 294579
ADANIENT,2016-04-04 14:45:00, 81.05, 81.1, 80.35, 80.4, 656685
ADANIENT,2016-04-04 15:15:00, 80.4, 80.8, 80.3, 80.55, 766130
ADANIENT,2016-04-05 09:15:00, 81.1, 81.3, 78.5, 79.15, 1254233
ADANIENT,2016-04-05 09:45:00, 79.15, 79.45, 79.05, 79.15, 237962
ADANIENT,2016-04-05 10:15:00, 79.15, 79.2, 78.6, 78.7, 290972
ADANIENT,2016-04-05 10:45:00, 78.7, 78.95, 78.1, 78.8, 547102
ADANIENT,2016-04-05 11:15:00, 78.8, 78.85, 77.05, 78.15, 558050
ADANIENT,2016-04-05 11:45:00, 78.15, 78.4, 76.85, 77.2, 567186
ADANIENT,2016-04-05 12:15:00, 77.25, 77.35, 76.3, 76.3, 440139
ADANIENT,2016-04-05 12:45:00, 76.3, 76.55, 76, 76.1, 378195
ADANIENT,2016-04-05 13:15:00, 76.1, 76.2, 75, 75.55, 821873
ADANIENT,2016-04-05 13:45:00, 75.55, 75.6, 74.25, 74.6, 1688137
ADANIENT,2016-04-05 14:15:00, 74.65, 75.65, 74.4, 75.55, 516851
ADANIENT,2016-04-05 14:45:00, 75.55, 75.65, 74.1, 74.45, 626999
ADANIENT,2016-04-05 15:15:00, 74.45, 74.55, 74, 74.5, 543038
ADANIENT,2016-04-06 09:15:00, 74.65, 75.95, 74.45, 74.7, 1024736
ADANIENT,2016-04-06 09:45:00, 74.7, 76.3, 74.6, 75.6, 606583
ADANIENT,2016-04-06 10:15:00, 75.6, 75.8, 75.1, 75.7, 252313
ADANIENT,2016-04-06 10:45:00, 75.7, 75.75, 75.3, 75.4, 130471
ADANIENT,2016-04-06 11:15:00, 75.4, 75.8, 75.35, 75.7, 99006
ADANIENT,2016-04-06 11:45:00, 75.7, 75.7, 75.2, 75.3, 109855
ADANIENT,2016-04-06 12:15:00, 75.3, 75.45, 75.05, 75.2, 80853
ADANIENT,2016-04-06 12:45:00, 75.2, 75.65, 75.1, 75.35, 79265
ADANIENT,2016-04-06 13:15:00, 75.35, 75.7, 75.35, 75.55, 136341
ADANIENT,2016-04-06 13:45:00, 75.55, 75.65, 75, 75.05, 282825
ADANIENT,2016-04-06 14:15:00, 75.05, 75.45, 75, 75.25, 84940
ADANIENT,2016-04-06 14:45:00, 75.25, 75.5, 75.15, 75.4, 1271763
ADANIENT,2016-04-06 15:15:00, 75.2, 76, 75.1, 75.9, 347477
ADANIENT,2016-04-07 09:15:00, 76.4, 77.2, 75.9, 76.1, 690488
ADANIENT,2016-04-07 09:45:00, 76.1, 76.35, 75.8, 76.2, 204022
ADANIENT,2016-04-07 10:15:00, 76.15, 76.4, 75.7, 76.4, 181538
ADANIENT,2016-04-07 10:45:00, 76.4, 76.65, 75.8, 76.05, 230141
ADANIENT,2016-04-07 11:15:00, 76.05, 76.4, 75, 75.95, 613806
ADANIENT,2016-04-07 11:45:00, 75.95, 76.5, 75.85, 76.35, 274256
ADANIENT,2016-04-07 12:15:00, 76.35, 77.2, 76.25, 76.65, 1399041
ADANIENT,2016-04-07 12:45:00, 76.65, 76.7, 76.5, 76.6, 73216
ADANIENT,2016-04-07 13:15:00, 76.6, 76.7, 76.4, 76.7, 59102
ADANIENT,2016-04-07 13:45:00, 76.7, 76.75, 76.5, 76.5, 63702
ADANIENT,2016-04-07 14:15:00, 76.5, 76.6, 76.2, 76.25, 104718
ADANIENT,2016-04-07 14:45:00, 76.25, 76.45, 75.5, 75.7, 399524
ADANIENT,2016-04-07 15:15:00, 75.7, 76.25, 75.45, 76.15, 297218
ADANIENT,2016-04-08 09:15:00, 75.5, 76.4, 75.1, 75.9, 369195
ADANIENT,2016-04-08 09:45:00, 75.9, 76.55, 75.75, 76.3, 191183
ADANIENT,2016-04-08 10:15:00, 76.3, 76.8, 76.2, 76.45, 122272
ADANIENT,2016-04-08 10:45:00, 76.45, 76.95, 76.4, 76.6, 104508
ADANIENT,2016-04-08 11:15:00, 76.6, 76.7, 76.3, 76.4, 96490
ADANIENT,2016-04-08 11:45:00, 76.4, 76.5, 76.05, 76.3, 70322
ADANIENT,2016-04-08 12:15:00, 76.3, 76.7, 76.3, 76.55, 57891
ADANIENT,2016-04-08 12:45:00, 76.55, 76.7, 76.45, 76.55, 24053
ADANIENT,2016-04-08 13:15:00, 76.5, 76.65, 76.5, 76.6, 46885
ADANIENT,2016-04-08 13:45:00, 76.6, 76.9, 76.45, 76.7, 120590
ADANIENT,2016-04-08 14:15:00, 76.7, 78.9, 76.65, 78, 984250
ADANIENT,2016-04-08 14:45:00, 78, 78.5, 77.8, 78.5, 443140
ADANIENT,2016-04-08 15:15:00, 78.5, 78.65, 78.2, 78.35, 378462
ADANIENT,2016-04-11 09:15:00, 78.65, 78.75, 77.5, 77.75, 398316
ADANIENT,2016-04-11 09:45:00, 77.8, 77.95, 76.6, 77.2, 256313
ADANIENT,2016-04-11 10:15:00, 77.3, 77.4, 77.25, 77.4, 80024
ADANIENT,2016-04-11 10:45:00, 77.4, 77.85, 77.35, 77.8, 74460
ADANIENT,2016-04-11 11:15:00, 77.8, 77.85, 77.65, 77.8, 55050
ADANIENT,2016-04-11 11:45:00, 77.8, 77.85, 77.1, 77.4, 125242
ADANIENT,2016-04-11 12:15:00, 77.4, 77.7, 77.3, 77.45, 66282
ADANIENT,2016-04-11 12:45:00, 77.4, 77.5, 77, 77.25, 2073711
ADANIENT,2016-04-11 13:15:00, 77.25, 79.25, 77.25, 78.45, 391993
ADANIENT,2016-04-11 13:45:00, 78.45, 78.9, 78.25, 78.8, 136443
ADANIENT,2016-04-11 14:15:00, 78.75, 80.1, 78.75, 79.85, 569392
ADANIENT,2016-04-11 14:45:00, 79.85, 80.35, 79.45, 79.8, 441490
ADANIENT,2016-04-11 15:15:00, 79.85, 80.3, 79.5, 79.65, 313817
ADANIENT,2016-04-12 09:15:00, 79.85, 80.9, 79.3, 80.2, 561373
ADANIENT,2016-04-12 09:45:00, 80.2, 80.4, 79.85, 80.25, 155416
ADANIENT,2016-04-12 10:15:00, 80.25, 80.5, 80, 80.25, 124029
ADANIENT,2016-04-12 10:45:00, 80.25, 81.2, 80.25, 80.6, 291901
ADANIENT,2016-04-12 11:15:00, 80.7, 80.95, 80.35, 80.85, 112842
ADANIENT,2016-04-12 11:45:00, 80.85, 80.9, 80.3, 80.35, 91302
ADANIENT,2016-04-12 12:15:00, 80.35, 80.6, 80.25, 80.3, 118114
ADANIENT,2016-04-12 12:45:00, 80.3, 80.45, 80.05, 80.1, 97811
ADANIENT,2016-04-12 13:15:00, 80.1, 80.2, 78.5, 79.1, 467911
ADANIENT,2016-04-12 13:45:00, 79.1, 79.5, 78.8, 79.25, 120106
ADANIENT,2016-04-12 14:15:00, 79.25, 79.7, 79.25, 79.45, 116821
ADANIENT,2016-04-12 14:45:00, 79.4, 79.5, 78.85, 79.15, 250334
ADANIENT,2016-04-12 15:15:00, 79.15, 79.4, 79, 79.2, 304139
ADANIENT,2016-04-13 09:15:00, 80.15, 81, 80, 80.4, 578893
ADANIENT,2016-04-13 09:45:00, 80.4, 80.55, 80.25, 80.35, 149099
ADANIENT,2016-04-13 10:15:00, 80.35, 80.5, 80.25, 80.35, 74720
ADANIENT,2016-04-13 10:45:00, 80.35, 80.4, 80.1, 80.25, 194802
ADANIENT,2016-04-13 11:15:00, 80.25, 81.2, 80.2, 80.8, 289087
ADANIENT,2016-04-13 11:45:00, 80.8, 81.6, 80.75, 81.2, 348627
ADANIENT,2016-04-13 12:15:00, 81.2, 81.6, 81.2, 81.4, 183766
ADANIENT,2016-04-13 12:45:00, 81.4, 81.6, 81.25, 81.4, 134831
ADANIENT,2016-04-13 13:15:00, 81.4, 81.45, 81.2, 81.25, 59931
ADANIENT,2016-04-13 13:45:00, 81.3, 81.4, 78.9, 80.65, 1728796
ADANIENT,2016-04-13 14:15:00, 80.6, 80.75, 79.9, 80.65, 303842
ADANIENT,2016-04-13 14:45:00, 80.7, 80.9, 80.35, 80.5, 361979
ADANIENT,2016-04-13 15:15:00, 80.5, 80.75, 80.25, 80.5, 348829
ADANIENT,2016-04-18 09:15:00, 81.35, 83.8, 81.35, 83.05, 1455252
ADANIENT,2016-04-18 09:45:00, 83.05, 83.15, 82.6, 82.9, 257947
ADANIENT,2016-04-18 10:15:00, 82.9, 83.1, 82.85, 82.95, 135032
ADANIENT,2016-04-18 10:45:00, 82.95, 83, 82.2, 82.55, 220112
ADANIENT,2016-04-18 11:15:00, 82.55, 82.7, 82.35, 82.6, 101760
ADANIENT,2016-04-18 11:45:00, 82.6, 82.75, 82.4, 82.6, 78837
ADANIENT,2016-04-18 12:15:00, 82.6, 83.05, 82.5, 82.9, 196408
ADANIENT,2016-04-18 12:45:00, 82.9, 83.2, 82.75, 82.9, 116722
ADANIENT,2016-04-18 13:15:00, 82.9, 83.1, 82.5, 82.85, 124886
ADANIENT,2016-04-18 13:45:00, 82.85, 83.1, 82.5, 82.95, 78695
ADANIENT,2016-04-18 14:15:00, 83, 83, 82.55, 82.6, 132621
ADANIENT,2016-04-18 14:45:00, 82.6, 82.95, 81.8, 82.9, 341713
ADANIENT,2016-04-18 15:15:00, 82.9, 83.3, 82.85, 82.9, 365042
ADANIENT,2016-04-20 09:15:00, 83.4, 83.8, 83.25, 83.55, 360324
ADANIENT,2016-04-20 09:45:00, 83.55, 84.8, 83.35, 84.15, 515880
ADANIENT,2016-04-20 10:15:00, 84.15, 84.45, 83.9, 84.3, 217696
ADANIENT,2016-04-20 10:45:00, 84.3, 84.3, 83.5, 83.75, 197128
ADANIENT,2016-04-20 11:15:00, 83.75, 84.25, 83.7, 83.9, 112509
ADANIENT,2016-04-20 11:45:00, 83.9, 84.15, 83.6, 83.85, 83253
ADANIENT,2016-04-20 12:15:00, 83.85, 84.25, 83.8, 84, 77441
ADANIENT,2016-04-20 12:45:00, 84, 84.25, 83.65, 84.15, 1135703
ADANIENT,2016-04-20 13:15:00, 84.15, 85, 84.05, 84.6, 299868
ADANIENT,2016-04-20 13:45:00, 84.6, 84.65, 84.25, 84.55, 182516
ADANIENT,2016-04-20 14:15:00, 84.55, 84.75, 84.05, 84.55, 173977
ADANIENT,2016-04-20 14:45:00, 84.5, 84.8, 84.15, 84.35, 1741531
ADANIENT,2016-04-20 15:15:00, 84.35, 84.35, 83.9, 84.2, 289941
ADANIENT,2016-04-21 09:15:00, 84.9, 84.9, 84, 84.1, 242654
ADANIENT,2016-04-21 09:45:00, 84.1, 84.25, 83.3, 83.5, 215132
ADANIENT,2016-04-21 10:15:00, 83.5, 83.55, 82.3, 82.7, 260818
ADANIENT,2016-04-21 10:45:00, 82.7, 82.75, 82.15, 82.6, 115342
ADANIENT,2016-04-21 11:15:00, 82.6, 82.7, 82.35, 82.5, 65338
ADANIENT,2016-04-21 11:45:00, 82.5, 82.95, 82.5, 82.8, 75653
ADANIENT,2016-04-21 12:15:00, 82.8, 83.1, 82.7, 83.05, 1083793
ADANIENT,2016-04-21 12:45:00, 83.05, 83.4, 82.95, 83.25, 74631
ADANIENT,2016-04-21 13:15:00, 83.25, 83.7, 83.2, 83.6, 77923
ADANIENT,2016-04-21 13:45:00, 83.6, 83.7, 82.85, 83, 119829
ADANIENT,2016-04-21 14:15:00, 83, 83.35, 82.8, 82.85, 73948
ADANIENT,2016-04-21 14:45:00, 82.85, 83.7, 82.25, 83.55, 1739254
ADANIENT,2016-04-21 15:15:00, 83.6, 83.65, 82.6, 82.85, 195329
ADANIENT,2016-04-22 09:15:00, 83.35, 83.35, 81.7, 82.2, 385544
ADANIENT,2016-04-22 09:45:00, 82.2, 82.55, 81.85, 82.25, 128700
ADANIENT,2016-04-22 10:15:00, 82.25, 82.8, 82.15, 82.55, 92043
ADANIENT,2016-04-22 10:45:00, 82.55, 82.55, 82.05, 82.2, 106228
ADANIENT,2016-04-22 11:15:00, 82.2, 82.5, 81.65, 81.95, 146422
ADANIENT,2016-04-22 11:45:00, 81.95, 82.2, 81.95, 82, 94938
ADANIENT,2016-04-22 12:15:00, 82, 82.15, 81.9, 82, 61044
ADANIENT,2016-04-22 12:45:00, 82.05, 82.2, 81.9, 82.05, 37849
ADANIENT,2016-04-22 13:15:00, 82.05, 82.15, 81.95, 82.15, 31732
ADANIENT,2016-04-22 13:45:00, 82.15, 82.3, 82.05, 82.15, 42490
ADANIENT,2016-04-22 14:15:00, 82.15, 82.15, 81.7, 81.95, 121135
ADANIENT,2016-04-22 14:45:00, 81.95, 82.15, 81.85, 82.1, 127694
ADANIENT,2016-04-22 15:15:00, 82.1, 82.3, 81.7, 81.75, 199995
ADANIENT,2016-04-25 09:15:00, 81.8, 82.3, 80.8, 81.6, 311908
ADANIENT,2016-04-25 09:45:00, 81.6, 83.45, 81.5, 82.95, 381703
ADANIENT,2016-04-25 10:15:00, 82.95, 83.1, 82.25, 82.5, 140717
ADANIENT,2016-04-25 10:45:00, 82.5, 82.5, 81.9, 82, 374771
ADANIENT,2016-04-25 11:15:00, 82, 82.25, 81.65, 82.2, 147576
ADANIENT,2016-04-25 11:45:00, 82.2, 82.2, 81.95, 81.95, 81554
ADANIENT,2016-04-25 12:15:00, 81.95, 82.15, 81.95, 82.05, 40860
ADANIENT,2016-04-25 12:45:00, 82.05, 82.25, 81.95, 82.25, 51094
ADANIENT,2016-04-25 13:15:00, 82.25, 82.5, 82.05, 82.4, 127987
ADANIENT,2016-04-25 13:45:00, 82.4, 82.75, 82.35, 82.65, 160856
ADANIENT,2016-04-25 14:15:00, 82.65, 82.75, 82.55, 82.65, 75287
ADANIENT,2016-04-25 14:45:00, 82.6, 83.05, 82.5, 83, 358483
ADANIENT,2016-04-25 15:15:00, 83, 83.2, 82.7, 83.2, 142674
ADANIENT,2016-04-26 09:15:00, 82.35, 82.85, 82.1, 82.5, 207144
ADANIENT,2016-04-26 09:45:00, 82.5, 84.5, 82.5, 83.8, 580080
ADANIENT,2016-04-26 10:15:00, 83.8, 84, 83.6, 83.6, 98831
ADANIENT,2016-04-26 10:45:00, 83.6, 83.95, 83.6, 83.95, 36589
ADANIENT,2016-04-26 11:15:00, 83.95, 83.95, 83.65, 83.75, 44653
ADANIENT,2016-04-26 11:45:00, 83.85, 83.85, 83.65, 83.8, 24115
ADANIENT,2016-04-26 12:15:00, 83.8, 84, 83.55, 83.75, 85201
ADANIENT,2016-04-26 12:45:00, 83.75, 84, 83.55, 83.8, 71130
ADANIENT,2016-04-26 13:15:00, 83.8, 84.3, 83.8, 84.2, 103162
ADANIENT,2016-04-26 13:45:00, 84.2, 84.3, 84, 84.3, 1571651
ADANIENT,2016-04-26 14:15:00, 84.3, 84.3, 83.9, 84, 59589
ADANIENT,2016-04-26 14:45:00, 84, 84.3, 84, 84.25, 1233179
ADANIENT,2016-04-26 15:15:00, 84.25, 84.55, 84.1, 84.35, 188376
ADANIENT,2016-04-27 09:15:00, 84.25, 85.15, 83.7, 84.85, 304203
ADANIENT,2016-04-27 09:45:00, 84.85, 85, 84.6, 84.95, 148839
ADANIENT,2016-04-27 10:15:00, 84.9, 85.45, 84.85, 84.95, 195214
ADANIENT,2016-04-27 10:45:00, 84.95, 86.55, 84.85, 86.3, 520824
ADANIENT,2016-04-27 11:15:00, 86.3, 86.4, 85.85, 86.4, 205223
ADANIENT,2016-04-27 11:45:00, 86.4, 86.8, 86.1, 86.15, 185250
ADANIENT,2016-04-27 12:15:00, 86.15, 86.6, 86.05, 86.3, 144611
ADANIENT,2016-04-27 12:45:00, 86.3, 86.6, 86.1, 86.25, 146286
ADANIENT,2016-04-27 13:15:00, 86.25, 86.45, 86.1, 86.1, 60933
ADANIENT,2016-04-27 13:45:00, 86.15, 86.2, 84.05, 84.85, 762523
ADANIENT,2016-04-27 14:15:00, 84.85, 85.65, 84.65, 85, 254127
ADANIENT,2016-04-27 14:45:00, 85, 86, 84.85, 85.8, 273027
ADANIENT,2016-04-27 15:15:00, 85.9, 86, 85.6, 85.9, 200254
ADANIENT,2016-04-28 09:15:00, 86, 86, 85.1, 85.65, 341153
ADANIENT,2016-04-28 09:45:00, 85.65, 85.9, 85.15, 85.7, 213888
ADANIENT,2016-04-28 10:15:00, 85.7, 86.45, 85.55, 86.2, 191263
ADANIENT,2016-04-28 10:45:00, 86.2, 86.2, 85.5, 85.5, 131546
ADANIENT,2016-04-28 11:15:00, 85.5, 85.8, 85.45, 85.45, 110952
ADANIENT,2016-04-28 11:45:00, 85.45, 85.8, 85.05, 85.25, 1707972
ADANIENT,2016-04-28 12:15:00, 85.25, 85.5, 85.05, 85.35, 132530
ADANIENT,2016-04-28 12:45:00, 85.35, 85.65, 85.1, 85.3, 246477
ADANIENT,2016-04-28 13:15:00, 85.3, 85.6, 85.3, 85.5, 37114
ADANIENT,2016-04-28 13:45:00, 85.5, 85.6, 84.65, 85.25, 1140948
ADANIENT,2016-04-28 14:15:00, 85.3, 85.6, 85.05, 85.15, 130036
ADANIENT,2016-04-28 14:45:00, 85.1, 85.25, 83.55, 83.65, 2115339
ADANIENT,2016-04-28 15:15:00, 83.65, 85.5, 83.5, 84.1, 2081861
ADANIENT,2016-04-29 09:15:00, 84, 84.7, 83.3, 84.7, 382565
ADANIENT,2016-04-29 09:45:00, 84.7, 84.9, 84.2, 84.4, 151361
ADANIENT,2016-04-29 10:15:00, 84.45, 84.7, 84.2, 84.35, 205675
ADANIENT,2016-04-29 10:45:00, 84.35, 84.6, 84.35, 84.45, 28881
ADANIENT,2016-04-29 11:15:00, 84.45, 86.45, 84.45, 85.85, 371291
ADANIENT,2016-04-29 11:45:00, 85.8, 85.95, 85.6, 85.7, 141855
ADANIENT,2016-04-29 12:15:00, 85.7, 88.6, 85.6, 87.7, 777935
ADANIENT,2016-04-29 12:45:00, 87.7, 88.25, 86.85, 87.45, 418701
ADANIENT,2016-04-29 13:15:00, 87.45, 87.45, 86.2, 87.25, 352958
ADANIENT,2016-04-29 13:45:00, 87.3, 87.3, 86.95, 87.05, 142396
ADANIENT,2016-04-29 14:15:00, 87.15, 87.45, 87, 87.15, 124633
ADANIENT,2016-04-29 14:45:00, 87.15, 87.35, 86.35, 86.4, 388269
ADANIENT,2016-04-29 15:15:00, 86.45, 86.8, 86.25, 86.45, 283550
ADANIENT,2016-05-02 09:15:00, 86, 86, 84.5, 84.9, 310502
ADANIENT,2016-05-02 09:45:00, 84.9, 85.05, 84.7, 85.05, 85964
ADANIENT,2016-05-02 10:15:00, 85.05, 86.15, 84.75, 85.8, 164404
ADANIENT,2016-05-02 10:45:00, 85.8, 86, 85.35, 85.6, 89244
ADANIENT,2016-05-02 11:15:00, 85.6, 85.75, 85.1, 85.75, 88528
ADANIENT,2016-05-02 11:45:00, 85.7, 86.1, 85.65, 85.85, 90623
ADANIENT,2016-05-02 12:15:00, 85.85, 86.05, 85.5, 85.75, 69368
ADANIENT,2016-05-02 12:45:00, 85.75, 85.9, 85.25, 85.9, 2185922
ADANIENT,2016-05-02 13:15:00, 85.9, 88.6, 85.9, 87.4, 856966
ADANIENT,2016-05-02 13:45:00, 87.4, 87.7, 87.3, 87.5, 95897
ADANIENT,2016-05-02 14:15:00, 87.5, 87.6, 86.7, 87.2, 116975
ADANIENT,2016-05-02 14:45:00, 87.2, 87.3, 86.75, 86.85, 187302
ADANIENT,2016-05-02 15:15:00, 86.85, 87.7, 86.8, 87.7, 235199
ADANIENT,2016-05-03 09:15:00, 87.05, 87.95, 87.05, 87.8, 278325
ADANIENT,2016-05-03 09:45:00, 87.8, 88.3, 87.6, 87.7, 131892
ADANIENT,2016-05-03 10:15:00, 87.7, 88.1, 87.65, 87.8, 87238
ADANIENT,2016-05-03 10:45:00, 87.85, 87.95, 87.4, 87.5, 64704
ADANIENT,2016-05-03 11:15:00, 87.5, 87.65, 86.8, 87.35, 118984
ADANIENT,2016-05-03 11:45:00, 87.35, 87.6, 87, 87.6, 107154
ADANIENT,2016-05-03 12:15:00, 87.6, 87.6, 86.5, 86.95, 109925
ADANIENT,2016-05-03 12:45:00, 87, 87, 85.4, 85.7, 339655
ADANIENT,2016-05-03 13:15:00, 85.7, 85.95, 85.45, 85.95, 58773
ADANIENT,2016-05-03 13:45:00, 85.95, 86, 85.7, 85.85, 79179
ADANIENT,2016-05-03 14:15:00, 85.85, 86.15, 85.5, 85.75, 59628
ADANIENT,2016-05-03 14:45:00, 85.75, 86.1, 85.55, 85.75, 135307
ADANIENT,2016-05-03 15:15:00, 85.75, 86.2, 85.55, 85.85, 174350
ADANIENT,2016-05-04 09:15:00, 86, 86.15, 83.3, 83.35, 750333
ADANIENT,2016-05-04 09:45:00, 83.35, 83.45, 80.45, 81.15, 1348694
ADANIENT,2016-05-04 10:15:00, 81.2, 81.5, 80.05, 80.95, 791898
ADANIENT,2016-05-04 10:45:00, 80.95, 81.3, 80.8, 80.8, 303989
ADANIENT,2016-05-04 11:15:00, 80.8, 81.3, 80.5, 81.25, 378793
ADANIENT,2016-05-04 11:45:00, 81.25, 81.75, 80.9, 81.2, 247413
ADANIENT,2016-05-04 12:15:00, 81.2, 81.5, 81.1, 81.5, 91929
ADANIENT,2016-05-04 12:45:00, 81.5, 81.9, 81.2, 81.35, 289468
ADANIENT,2016-05-04 13:15:00, 81.35, 81.6, 80.5, 80.55, 304046
ADANIENT,2016-05-04 13:45:00, 80.55, 80.8, 79.5, 80.05, 664804
ADANIENT,2016-05-04 14:15:00, 80.05, 80.7, 79.8, 79.95, 519814
ADANIENT,2016-05-04 14:45:00, 79.9, 81.5, 78.65, 78.95, 4720587
ADANIENT,2016-05-04 15:15:00, 79, 79.25, 78.5, 79.25, 918609
ADANIENT,2016-05-05 09:15:00, 78.05, 78.4, 76.5, 77.65, 856284
ADANIENT,2016-05-05 09:45:00, 77.65, 78, 77.3, 77.65, 358774
ADANIENT,2016-05-05 10:15:00, 77.65, 77.9, 76.8, 77.7, 384824
ADANIENT,2016-05-05 10:45:00, 77.7, 77.75, 77.2, 77.65, 136364
ADANIENT,2016-05-05 11:15:00, 77.65, 77.8, 77.5, 77.7, 68559
ADANIENT,2016-05-05 11:45:00, 77.7, 80.8, 77.6, 80.15, 1063071
ADANIENT,2016-05-05 12:15:00, 80.15, 80.3, 79.25, 79.35, 264395
ADANIENT,2016-05-05 12:45:00, 79.3, 79.5, 78.05, 78.9, 498063
ADANIENT,2016-05-05 13:15:00, 78.9, 78.95, 78, 78.8, 157887
ADANIENT,2016-05-05 13:45:00, 78.8, 80.25, 78.65, 79.9, 239012
ADANIENT,2016-05-05 14:15:00, 79.9, 79.95, 79.2, 79.45, 148620
ADANIENT,2016-05-05 14:45:00, 79.45, 79.5, 77.7, 77.85, 443902
ADANIENT,2016-05-05 15:15:00, 77.85, 78.4, 77.75, 78.4, 393267
ADANIENT,2016-05-06 09:15:00, 77.7, 78.3, 77.35, 77.6, 292248
ADANIENT,2016-05-06 09:45:00, 77.6, 77.8, 76, 76.4, 338849
ADANIENT,2016-05-06 10:15:00, 76.4, 77.05, 76.05, 76.9, 184541
ADANIENT,2016-05-06 10:45:00, 76.9, 77.35, 76.3, 76.4, 178185
ADANIENT,2016-05-06 11:15:00, 76.5, 77.3, 76.4, 77.05, 143708
ADANIENT,2016-05-06 11:45:00, 77.05, 77.15, 76.5, 76.55, 72751
ADANIENT,2016-05-06 12:15:00, 76.6, 76.6, 76, 76.35, 123497
ADANIENT,2016-05-06 12:45:00, 76.35, 77.15, 76.3, 76.95, 167427
ADANIENT,2016-05-06 13:15:00, 76.95, 77, 76.5, 76.75, 81615
ADANIENT,2016-05-06 13:45:00, 76.75, 76.85, 76, 76.6, 141373
ADANIENT,2016-05-06 14:15:00, 76.6, 76.65, 76.25, 76.25, 61207
ADANIENT,2016-05-06 14:45:00, 76.25, 76.75, 76.15, 76.55, 254160
ADANIENT,2016-05-06 15:15:00, 76.5, 77.4, 76.5, 76.9, 247451
ADANIENT,2016-05-09 09:15:00, 77.1, 77.95, 77.1, 77.6, 276012
ADANIENT,2016-05-09 09:45:00, 77.6, 78.3, 77.55, 77.85, 238004
ADANIENT,2016-05-09 10:15:00, 77.85, 78, 77.05, 77.5, 178382
ADANIENT,2016-05-09 10:45:00, 77.5, 77.75, 77.5, 77.6, 48113
ADANIENT,2016-05-09 11:15:00, 77.65, 78.15, 77.55, 77.95, 123968
ADANIENT,2016-05-09 11:45:00, 77.95, 78.25, 77.5, 77.55, 226852
ADANIENT,2016-05-09 12:15:00, 77.55, 77.75, 77.35, 77.45, 83769
ADANIENT,2016-05-09 12:45:00, 77.4, 77.4, 76.75, 77.1, 156444
ADANIENT,2016-05-09 13:15:00, 77.2, 77.35, 77.1, 77.2, 56172
ADANIENT,2016-05-09 13:45:00, 77.2, 77.6, 77.1, 77.25, 87877
ADANIENT,2016-05-09 14:15:00, 77.25, 77.3, 77.1, 77.1, 53835
ADANIENT,2016-05-09 14:45:00, 77.1, 77.6, 77.05, 77.45, 203378
ADANIENT,2016-05-09 15:15:00, 77.45, 77.65, 77.25, 77.6, 228627
ADANIENT,2016-05-10 09:15:00, 77.5, 77.75, 76.75, 76.8, 288052
ADANIENT,2016-05-10 09:45:00, 76.8, 77.35, 76.8, 77.1, 212268
ADANIENT,2016-05-10 10:15:00, 77.1, 77.15, 75.55, 75.75, 359839
ADANIENT,2016-05-10 10:45:00, 75.75, 76, 75.6, 75.7, 110396
ADANIENT,2016-05-10 11:15:00, 75.6, 75.65, 75, 75.55, 265464
ADANIENT,2016-05-10 11:45:00, 75.5, 75.7, 75.3, 75.3, 82157
ADANIENT,2016-05-10 12:15:00, 75.3, 75.45, 74.7, 75.4, 205161
ADANIENT,2016-05-10 12:45:00, 75.4, 75.65, 75.25, 75.55, 175848
ADANIENT,2016-05-10 13:15:00, 75.55, 75.6, 75.2, 75.25, 69994
ADANIENT,2016-05-10 13:45:00, 75.2, 75.45, 75.15, 75.3, 66831
ADANIENT,2016-05-10 14:15:00, 75.3, 75.55, 75.25, 75.25, 85409
ADANIENT,2016-05-10 14:45:00, 75.25, 75.35, 74.75, 75.15, 282461
ADANIENT,2016-05-10 15:15:00, 75.1, 75.45, 75.05, 75.25, 361199
ADANIENT,2016-05-11 09:15:00, 73.95, 74.55, 73.1, 74.4, 566123
ADANIENT,2016-05-11 09:45:00, 74.4, 75, 74, 74.4, 355833
ADANIENT,2016-05-11 10:15:00, 74.4, 74.7, 74.35, 74.55, 106765
ADANIENT,2016-05-11 10:45:00, 74.55, 74.8, 74.55, 74.55, 73467
ADANIENT,2016-05-11 11:15:00, 74.6, 76.35, 74.55, 76.05, 535630
ADANIENT,2016-05-11 11:45:00, 76.05, 76.65, 75.9, 76.1, 368749
ADANIENT,2016-05-11 12:15:00, 76.1, 76.2, 75.75, 75.9, 214830
ADANIENT,2016-05-11 12:45:00, 75.9, 75.95, 74.65, 75.35, 338660
ADANIENT,2016-05-11 13:15:00, 75.35, 75.4, 74.85, 75.25, 113399
ADANIENT,2016-05-11 13:45:00, 75.25, 75.35, 74.85, 74.95, 225204
ADANIENT,2016-05-11 14:15:00, 75, 75.1, 74.5, 74.85, 128822
ADANIENT,2016-05-11 14:45:00, 74.85, 74.9, 74.25, 74.3, 260589
ADANIENT,2016-05-11 15:15:00, 74.35, 74.35, 73.75, 74.3, 230796
ADANIENT,2016-05-12 09:15:00, 74.65, 75.7, 74.65, 75.65, 265567
ADANIENT,2016-05-12 09:45:00, 75.65, 75.8, 75.1, 75.35, 138037
ADANIENT,2016-05-12 10:15:00, 75.4, 75.4, 74.95, 75.1, 115402
ADANIENT,2016-05-12 10:45:00, 75.1, 75.2, 74.75, 75.05, 83031
ADANIENT,2016-05-12 11:15:00, 75.05, 75.6, 75.05, 75.4, 64431
ADANIENT,2016-05-12 11:45:00, 75.4, 75.6, 75.35, 75.35, 40040
ADANIENT,2016-05-12 12:15:00, 75.35, 75.5, 75.1, 75.15, 62620
ADANIENT,2016-05-12 12:45:00, 75.15, 75.5, 74.7, 75.25, 116840
ADANIENT,2016-05-12 13:15:00, 75.25, 75.5, 75, 75.15, 75275
ADANIENT,2016-05-12 13:45:00, 75.15, 75.4, 75.05, 75.2, 36058
ADANIENT,2016-05-12 14:15:00, 75.2, 75.35, 75.05, 75.15, 37791
ADANIENT,2016-05-12 14:45:00, 75.15, 75.55, 75, 75.45, 118381
ADANIENT,2016-05-12 15:15:00, 75.45, 76.1, 75.45, 75.75, 214545
ADANIENT,2016-05-13 09:15:00, 75.3, 76.9, 74.8, 76, 389218
ADANIENT,2016-05-13 09:45:00, 76, 76.75, 75.8, 76.45, 126015
ADANIENT,2016-05-13 10:15:00, 76.45, 76.45, 76, 76.4, 51356
ADANIENT,2016-05-13 10:45:00, 76.4, 76.4, 75.85, 76.1, 53845
ADANIENT,2016-05-13 11:15:00, 76.1, 76.25, 76, 76.1, 64608
ADANIENT,2016-05-13 11:45:00, 76.1, 76.1, 75.25, 75.4, 130180
ADANIENT,2016-05-13 12:15:00, 75.4, 75.4, 74.5, 75, 316359
ADANIENT,2016-05-13 12:45:00, 75, 75.2, 74.7, 74.9, 57359
ADANIENT,2016-05-13 13:15:00, 74.9, 75.3, 74.15, 74.45, 166831
ADANIENT,2016-05-13 13:45:00, 74.45, 74.6, 70.35, 72.75, 1314860
ADANIENT,2016-05-13 14:15:00, 72.75, 73.2, 72.6, 72.65, 222461
ADANIENT,2016-05-13 14:45:00, 72.65, 73.7, 72.2, 73.65, 397199
ADANIENT,2016-05-13 15:15:00, 73.7, 74.15, 73.4, 73.8, 282883
ADANIENT,2016-05-16 09:15:00, 74, 74.5, 73.3, 74.25, 302069
ADANIENT,2016-05-16 09:45:00, 74.25, 74.65, 74.1, 74.45, 124758
ADANIENT,2016-05-16 10:15:00, 74.45, 75, 74.35, 74.85, 155424
ADANIENT,2016-05-16 10:45:00, 74.8, 74.95, 74.3, 74.5, 117169
ADANIENT,2016-05-16 11:15:00, 74.5, 75.45, 74.4, 75.2, 270867
ADANIENT,2016-05-16 11:45:00, 75.2, 75.7, 74.95, 75.2, 162890
ADANIENT,2016-05-16 12:15:00, 75.2, 75.5, 75.2, 75.4, 122288
ADANIENT,2016-05-16 12:45:00, 75.4, 76.35, 75.3, 75.95, 529706
ADANIENT,2016-05-16 13:15:00, 75.95, 76.2, 75.8, 75.85, 139974
ADANIENT,2016-05-16 13:45:00, 75.85, 76, 75.6, 75.95, 148284
ADANIENT,2016-05-16 14:15:00, 75.95, 76.2, 75.75, 75.95, 133972
ADANIENT,2016-05-16 14:45:00, 76, 76.55, 75.85, 76.15, 327872
ADANIENT,2016-05-16 15:15:00, 76.15, 76.3, 75.5, 75.65, 299093
ADANIENT,2016-05-17 09:15:00, 76.25, 76.25, 74.95, 75, 321183
ADANIENT,2016-05-17 09:45:00, 75, 75.2, 74.6, 74.75, 182725
ADANIENT,2016-05-17 10:15:00, 74.75, 75.5, 74.7, 75.4, 177345
ADANIENT,2016-05-17 10:45:00, 75.4, 75.5, 75.25, 75.3, 56159
ADANIENT,2016-05-17 11:15:00, 75.3, 75.45, 75.15, 75.35, 27278
ADANIENT,2016-05-17 11:45:00, 75.35, 75.9, 75.35, 75.7, 97637
ADANIENT,2016-05-17 12:15:00, 75.7, 75.7, 75.4, 75.5, 22439
ADANIENT,2016-05-17 12:45:00, 75.5, 75.75, 75.4, 75.55, 40264
ADANIENT,2016-05-17 13:15:00, 75.55, 75.7, 75.2, 75.25, 28428
ADANIENT,2016-05-17 13:45:00, 75.25, 75.4, 75.2, 75.25, 45004
ADANIENT,2016-05-17 14:15:00, 75.25, 75.4, 74.65, 74.65, 85888
ADANIENT,2016-05-17 14:45:00, 74.65, 75.25, 74.45, 75, 160429
ADANIENT,2016-05-17 15:15:00, 75, 75.3, 74.6, 74.65, 195032
ADANIENT,2016-05-18 09:15:00, 73.9, 74.7, 73.45, 74.25, 251786
ADANIENT,2016-05-18 09:45:00, 74.25, 74.5, 74.1, 74.1, 121990
ADANIENT,2016-05-18 10:15:00, 74.1, 74.45, 74.05, 74.35, 41265
ADANIENT,2016-05-18 10:45:00, 74.35, 76, 74.2, 75.45, 331689
ADANIENT,2016-05-18 11:15:00, 75.45, 76.5, 75.4, 75.95, 429330
ADANIENT,2016-05-18 11:45:00, 75.95, 76.35, 75.9, 76.1, 115034
ADANIENT,2016-05-18 12:15:00, 76.1, 76.45, 76, 76.2, 90598
ADANIENT,2016-05-18 12:45:00, 76.2, 76.35, 75.9, 76.15, 131020
ADANIENT,2016-05-18 13:15:00, 76.15, 76.2, 75.6, 75.95, 95051
ADANIENT,2016-05-18 13:45:00, 75.95, 75.95, 75.6, 75.85, 61373
ADANIENT,2016-05-18 14:15:00, 75.85, 76.1, 75.6, 75.65, 63150
ADANIENT,2016-05-18 14:45:00, 75.65, 75.65, 75, 75.05, 260243
ADANIENT,2016-05-18 15:15:00, 75.05, 75.1, 74.6, 74.85, 216382
ADANIENT,2016-05-19 09:15:00, 74.9, 74.95, 74, 74.9, 299854
ADANIENT,2016-05-19 09:45:00, 74.95, 74.95, 74.4, 74.5, 76395
ADANIENT,2016-05-19 10:15:00, 74.5, 74.7, 74.35, 74.65, 65600
ADANIENT,2016-05-19 10:45:00, 74.65, 74.8, 74.45, 74.55, 54499
ADANIENT,2016-05-19 11:15:00, 74.55, 74.7, 74.55, 74.6, 15361
ADANIENT,2016-05-19 11:45:00, 74.6, 74.7, 74.45, 74.55, 34615
ADANIENT,2016-05-19 12:15:00, 74.5, 74.7, 73.75, 74.2, 107482
ADANIENT,2016-05-19 12:45:00, 74.2, 74.25, 73.5, 73.7, 168815
ADANIENT,2016-05-19 13:15:00, 73.7, 74, 73.15, 73.35, 135494
ADANIENT,2016-05-19 13:45:00, 73.35, 73.55, 72.65, 72.7, 254238
ADANIENT,2016-05-19 14:15:00, 72.7, 72.9, 72, 72.05, 318134
ADANIENT,2016-05-19 14:45:00, 72.05, 72.45, 71.2, 71.7, 418368
ADANIENT,2016-05-19 15:15:00, 71.65, 71.8, 71, 71.2, 308465
ADANIENT,2016-05-20 09:15:00, 71.7, 72.25, 71.05, 72.2, 403071
ADANIENT,2016-05-20 09:45:00, 72.2, 72.45, 71.1, 71.55, 236711
ADANIENT,2016-05-20 10:15:00, 71.55, 71.85, 71.35, 71.7, 76397
ADANIENT,2016-05-20 10:45:00, 71.7, 72.4, 71.45, 71.5, 193787
ADANIENT,2016-05-20 11:15:00, 71.45, 72.05, 71.25, 71.4, 145056
ADANIENT,2016-05-20 11:45:00, 71.4, 71.75, 71.05, 71.35, 178151
ADANIENT,2016-05-20 12:15:00, 71.35, 71.55, 71.25, 71.5, 40381
ADANIENT,2016-05-20 12:45:00, 71.5, 71.75, 71.4, 71.5, 113463
ADANIENT,2016-05-20 13:15:00, 71.5, 71.7, 71.15, 71.3, 137920
ADANIENT,2016-05-20 13:45:00, 71.3, 71.55, 70, 70.25, 422062
ADANIENT,2016-05-20 14:15:00, 70.25, 70.3, 69.15, 69.3, 507596
ADANIENT,2016-05-20 14:45:00, 69.3, 69.35, 68.5, 69, 466895
ADANIENT,2016-05-20 15:15:00, 69.05, 69.5, 68.85, 69.1, 246915
ADANIENT,2016-05-23 09:15:00, 69.5, 70.25, 69.3, 69.75, 472283
ADANIENT,2016-05-23 09:45:00, 69.75, 70.8, 69.5, 70.55, 431716
ADANIENT,2016-05-23 10:15:00, 70.55, 70.6, 69.85, 70.25, 176847
ADANIENT,2016-05-23 10:45:00, 70.25, 70.55, 70.1, 70.15, 110950
ADANIENT,2016-05-23 11:15:00, 70.15, 70.5, 70.05, 70.35, 48400
ADANIENT,2016-05-23 11:45:00, 70.3, 70.4, 70.1, 70.2, 37312
ADANIENT,2016-05-23 12:15:00, 70.2, 70.25, 70, 70.05, 61221
ADANIENT,2016-05-23 12:45:00, 70.05, 70.2, 69.7, 70.2, 52347
ADANIENT,2016-05-23 13:15:00, 70.2, 70.55, 70, 70.55, 82419
ADANIENT,2016-05-23 13:45:00, 70.55, 71.4, 70.5, 71.25, 227628
ADANIENT,2016-05-23 14:15:00, 71.25, 71.25, 70.45, 70.5, 118245
ADANIENT,2016-05-23 14:45:00, 70.5, 70.5, 69.55, 69.75, 271002
ADANIENT,2016-05-23 15:15:00, 69.75, 69.95, 69.3, 69.75, 188851
ADANIENT,2016-05-24 09:15:00, 69.55, 70.5, 69, 69.8, 460118
ADANIENT,2016-05-24 09:45:00, 69.8, 70.5, 69.75, 70.3, 272845
ADANIENT,2016-05-24 10:15:00, 70.3, 70.35, 70, 70.1, 69468
ADANIENT,2016-05-24 10:45:00, 70.1, 70.75, 70.05, 70.35, 181272
ADANIENT,2016-05-24 11:15:00, 70.35, 70.5, 70.1, 70.15, 87852
ADANIENT,2016-05-24 11:45:00, 70.15, 70.15, 69.15, 69.4, 216939
ADANIENT,2016-05-24 12:15:00, 69.35, 69.7, 69.35, 69.65, 76130
ADANIENT,2016-05-24 12:45:00, 69.65, 70, 69.6, 69.95, 66292
ADANIENT,2016-05-24 13:15:00, 69.95, 70.2, 69.8, 70, 60914
ADANIENT,2016-05-24 13:45:00, 70, 70.05, 69.5, 69.85, 66323
ADANIENT,2016-05-24 14:15:00, 69.85, 69.9, 69.5, 69.85, 67823
ADANIENT,2016-05-24 14:45:00, 69.85, 70.65, 69.85, 70.65, 299545
ADANIENT,2016-05-24 15:15:00, 70.65, 71, 70.25, 70.5, 239977
ADANIENT,2016-05-25 09:15:00, 71.2, 71.55, 70.9, 71.25, 327242
ADANIENT,2016-05-25 09:45:00, 71.25, 71.4, 71.25, 71.4, 56142
ADANIENT,2016-05-25 10:15:00, 71.4, 71.45, 71.25, 71.3, 35331
ADANIENT,2016-05-25 10:45:00, 71.3, 71.3, 70.6, 71, 125367
ADANIENT,2016-05-25 11:15:00, 71, 71.1, 70.8, 71, 26525
ADANIENT,2016-05-25 11:45:00, 71, 71.3, 70.95, 71.05, 37117
ADANIENT,2016-05-25 12:15:00, 71.05, 71.3, 71.05, 71.1, 19789
ADANIENT,2016-05-25 12:45:00, 71.1, 71.25, 71.05, 71.2, 24513
ADANIENT,2016-05-25 13:15:00, 71.2, 71.3, 70.9, 71.15, 103314
ADANIENT,2016-05-25 13:45:00, 71.2, 71.2, 70.3, 70.75, 184255
ADANIENT,2016-05-25 14:15:00, 70.75, 71, 70.55, 70.9, 67659
ADANIENT,2016-05-25 14:45:00, 70.9, 71.25, 70.75, 71.2, 225294
ADANIENT,2016-05-25 15:15:00, 71.15, 71.4, 70.9, 71.2, 192085
ADANIENT,2016-05-26 09:15:00, 71.6, 72.55, 71.15, 72.1, 284749
ADANIENT,2016-05-26 09:45:00, 72.1, 72.25, 71.85, 71.9, 84468
ADANIENT,2016-05-26 10:15:00, 71.9, 72, 71.75, 71.9, 50106
ADANIENT,2016-05-26 10:45:00, 71.9, 72.75, 71.75, 72.3, 269504
ADANIENT,2016-05-26 11:15:00, 72.3, 72.35, 71.9, 72.15, 52255
ADANIENT,2016-05-26 11:45:00, 72.15, 72.6, 72.1, 72.35, 53177
ADANIENT,2016-05-26 12:15:00, 72.35, 72.4, 72.2, 72.25, 44077
ADANIENT,2016-05-26 12:45:00, 72.25, 72.3, 72.1, 72.25, 32159
ADANIENT,2016-05-26 13:15:00, 72.25, 72.9, 72.05, 72.75, 176758
ADANIENT,2016-05-26 13:45:00, 72.75, 72.95, 72.6, 72.6, 116943
ADANIENT,2016-05-26 14:15:00, 72.6, 72.9, 72.5, 72.9, 129732
ADANIENT,2016-05-26 14:45:00, 72.9, 74.25, 72.75, 73.9, 501374
ADANIENT,2016-05-26 15:15:00, 73.9, 74.8, 73.8, 74.35, 212575
ADANIENT,2016-05-27 09:15:00, 74.35, 76, 74.35, 74.95, 307218
ADANIENT,2016-05-27 09:45:00, 74.95, 75.2, 74.7, 74.75, 95809
ADANIENT,2016-05-27 10:15:00, 74.75, 75.15, 74.6, 75.05, 117782
ADANIENT,2016-05-27 10:45:00, 75.05, 75.2, 74.6, 74.75, 95323
ADANIENT,2016-05-27 11:15:00, 74.75, 75.1, 72.6, 73.25, 364131
ADANIENT,2016-05-27 11:45:00, 73.25, 73.45, 73.1, 73.4, 145903
ADANIENT,2016-05-27 12:15:00, 73.4, 73.6, 73.25, 73.35, 62844
ADANIENT,2016-05-27 12:45:00, 73.35, 73.5, 73, 73.35, 109435
ADANIENT,2016-05-27 13:15:00, 73.35, 73.4, 73.1, 73.2, 38537
ADANIENT,2016-05-27 13:45:00, 73.2, 73.45, 73.15, 73.25, 50699
ADANIENT,2016-05-27 14:15:00, 73.25, 73.45, 73.1, 73.15, 59492
ADANIENT,2016-05-27 14:45:00, 73.15, 73.3, 72.7, 73.1, 180111
ADANIENT,2016-05-27 15:15:00, 73.2, 73.8, 73.15, 73.2, 244332
ADANIENT,2016-05-30 09:15:00, 73.75, 74.65, 73.55, 74.15, 254904
ADANIENT,2016-05-30 09:45:00, 74.15, 74.15, 73.6, 73.8, 96664
ADANIENT,2016-05-30 10:15:00, 73.8, 73.9, 73, 73.2, 130488
ADANIENT,2016-05-30 10:45:00, 73.2, 73.45, 72.75, 73.35, 107421
ADANIENT,2016-05-30 11:15:00, 73.4, 73.4, 73.2, 73.2, 28929
ADANIENT,2016-05-30 11:45:00, 73.2, 73.4, 73.2, 73.3, 15693
ADANIENT,2016-05-30 12:15:00, 73.3, 73.75, 73.3, 73.6, 35163
ADANIENT,2016-05-30 12:45:00, 73.6, 74.1, 73.55, 74.1, 56283
ADANIENT,2016-05-30 13:15:00, 74.1, 74.2, 73.9, 74.05, 56564
ADANIENT,2016-05-30 13:45:00, 74.05, 74.15, 73.5, 73.55, 47170
ADANIENT,2016-05-30 14:15:00, 73.55, 74.1, 73.55, 73.7, 90062
ADANIENT,2016-05-30 14:45:00, 73.7, 74.6, 73.7, 74.45, 175076
ADANIENT,2016-05-30 15:15:00, 74.5, 75.2, 74.25, 74.5, 225907
ADANIENT,2016-05-31 09:15:00, 75, 75, 74, 74, 181246
ADANIENT,2016-05-31 09:45:00, 74.1, 74.7, 73.25, 73.55, 519021
ADANIENT,2016-05-31 10:15:00, 73.55, 73.6, 73, 73.4, 125020
ADANIENT,2016-05-31 10:45:00, 73.4, 73.55, 72.2, 72.95, 337104
ADANIENT,2016-05-31 11:15:00, 72.95, 72.95, 71.9, 72.55, 327998
ADANIENT,2016-05-31 11:45:00, 72.55, 73, 72.55, 72.8, 64530
ADANIENT,2016-05-31 12:15:00, 72.8, 73.45, 72.7, 72.9, 143729
ADANIENT,2016-05-31 12:45:00, 72.9, 73.7, 72.9, 73.45, 120634
ADANIENT,2016-05-31 13:15:00, 73.45, 73.5, 72.85, 73.1, 93106
ADANIENT,2016-05-31 13:45:00, 73.1, 73.6, 73.1, 73.1, 124549
ADANIENT,2016-05-31 14:15:00, 73.15, 73.6, 72.75, 73.45, 212600
ADANIENT,2016-05-31 14:45:00, 73.45, 74.15, 72.4, 72.4, 721673
ADANIENT,2016-05-31 15:15:00, 72.5, 73.2, 72.3, 72.7, 460646
ADANIENT,2016-06-01 09:15:00, 73.45, 74.9, 72.7, 74.8, 722405
ADANIENT,2016-06-01 09:45:00, 74.8, 74.8, 74.05, 74.3, 238151
ADANIENT,2016-06-01 10:15:00, 74.3, 75.6, 74.15, 74.95, 436255
ADANIENT,2016-06-01 10:45:00, 74.95, 75.25, 74.95, 75.1, 124950
ADANIENT,2016-06-01 11:15:00, 75.1, 75.95, 74.7, 75.45, 427613
ADANIENT,2016-06-01 11:45:00, 75.45, 76.7, 75.2, 76.4, 583758
ADANIENT,2016-06-01 12:15:00, 76.45, 77.3, 75.8, 76.25, 798367
ADANIENT,2016-06-01 12:45:00, 76.25, 76.6, 76, 76.55, 201680
ADANIENT,2016-06-01 13:15:00, 76.55, 76.6, 76, 76.15, 156374
ADANIENT,2016-06-01 13:45:00, 76.15, 76.3, 75.65, 76.15, 225622
ADANIENT,2016-06-01 14:15:00, 76.15, 76.5, 75.4, 75.5, 271297
ADANIENT,2016-06-01 14:45:00, 75.5, 76, 74.8, 74.95, 463576
ADANIENT,2016-06-01 15:15:00, 75, 75.45, 74.7, 75.05, 260751
ADANIENT,2016-06-02 09:15:00, 76.15, 76.4, 74.9, 75.15, 858093
ADANIENT,2016-06-02 09:45:00, 75.15, 75.25, 74.7, 75, 223394
ADANIENT,2016-06-02 10:15:00, 75, 75.6, 74.9, 75.4, 121900
ADANIENT,2016-06-02 10:45:00, 75.4, 75.45, 75.1, 75.4, 74238
ADANIENT,2016-06-02 11:15:00, 75.4, 75.5, 74.4, 74.9, 214431
ADANIENT,2016-06-02 11:45:00, 74.9, 75.1, 74.75, 74.85, 65432
ADANIENT,2016-06-02 12:15:00, 74.85, 75, 74.5, 74.75, 60407
ADANIENT,2016-06-02 12:45:00, 74.7, 75.1, 74.25, 74.6, 178375
ADANIENT,2016-06-02 13:15:00, 74.6, 74.6, 74.3, 74.4, 91231
ADANIENT,2016-06-02 13:45:00, 74.4, 75.35, 74.3, 75.3, 243838
ADANIENT,2016-06-02 14:15:00, 75.3, 75.3, 74.95, 75.25, 122854
ADANIENT,2016-06-02 14:45:00, 75.25, 75.6, 75, 75.5, 347558
ADANIENT,2016-06-02 15:15:00, 75.5, 75.9, 75.5, 75.55, 301167
ADANIENT,2016-06-03 09:15:00, 76.4, 76.7, 75.9, 76.2, 350985
ADANIENT,2016-06-03 09:45:00, 76.2, 76.3, 75.3, 75.5, 213870
ADANIENT,2016-06-03 10:15:00, 75.5, 75.8, 75.35, 75.6, 104513
ADANIENT,2016-06-03 10:45:00, 75.6, 75.6, 74.85, 75.2, 159317
ADANIENT,2016-06-03 11:15:00, 75.2, 75.45, 75.05, 75.35, 70939
ADANIENT,2016-06-03 11:45:00, 75.35, 75.5, 75.25, 75.25, 30503
ADANIENT,2016-06-03 12:15:00, 75.25, 75.3, 74.7, 74.8, 104624
ADANIENT,2016-06-03 12:45:00, 74.9, 75.15, 74.8, 75.05, 42839
ADANIENT,2016-06-03 13:15:00, 75.05, 75.1, 73.8, 73.85, 194629
ADANIENT,2016-06-03 13:45:00, 73.7, 74.1, 72.6, 73.7, 262678
ADANIENT,2016-06-03 14:15:00, 73.7, 73.8, 72.1, 72.6, 328246
ADANIENT,2016-06-03 14:45:00, 72.6, 72.75, 71.45, 72.1, 722069
ADANIENT,2016-06-03 15:15:00, 72.15, 72.5, 71.95, 72.25, 380631
ADANIENT,2016-06-06 09:15:00, 72.05, 72.05, 70.15, 70.65, 588403
ADANIENT,2016-06-06 09:45:00, 70.65, 71, 70.4, 70.8, 146042
ADANIENT,2016-06-06 10:15:00, 70.8, 71.25, 70.7, 71.1, 218840
ADANIENT,2016-06-06 10:45:00, 71.1, 71.4, 70.9, 71, 93035
ADANIENT,2016-06-06 11:15:00, 71, 71.4, 70.8, 71.25, 147915
ADANIENT,2016-06-06 11:45:00, 71.25, 71.35, 71.1, 71.15, 53810
ADANIENT,2016-06-06 12:15:00, 71.15, 71.45, 71.1, 71.4, 57352
ADANIENT,2016-06-06 12:45:00, 71.4, 72.6, 71.3, 72.25, 445336
ADANIENT,2016-06-06 13:15:00, 72.25, 72.9, 72.1, 72.45, 265723
ADANIENT,2016-06-06 13:45:00, 72.5, 72.5, 72.2, 72.35, 106932
ADANIENT,2016-06-06 14:15:00, 72.35, 72.55, 71.75, 72, 172506
ADANIENT,2016-06-06 14:45:00, 72, 72.4, 71.9, 72.3, 222356
ADANIENT,2016-06-06 15:15:00, 72.3, 72.6, 72.05, 72.05, 222776
ADANIENT,2016-06-07 09:15:00, 72.75, 72.95, 71.8, 72.6, 785169
ADANIENT,2016-06-07 09:45:00, 72.55, 72.85, 72.3, 72.7, 293183
ADANIENT,2016-06-07 10:15:00, 72.7, 72.8, 72.55, 72.65, 42457
ADANIENT,2016-06-07 10:45:00, 72.65, 72.65, 71.8, 72.25, 186475
ADANIENT,2016-06-07 11:15:00, 72.25, 72.45, 72, 72.4, 57257
ADANIENT,2016-06-07 11:45:00, 72.4, 72.8, 72.2, 72.5, 105065
ADANIENT,2016-06-07 12:15:00, 72.5, 73.15, 72.45, 73.15, 140707
ADANIENT,2016-06-07 12:45:00, 73.15, 73.4, 72.5, 72.7, 119510
ADANIENT,2016-06-07 13:15:00, 72.7, 73.05, 72.7, 73, 51310
ADANIENT,2016-06-07 13:45:00, 73, 73, 72.65, 72.8, 82175
ADANIENT,2016-06-07 14:15:00, 72.8, 72.8, 72.1, 72.2, 97590
ADANIENT,2016-06-07 14:45:00, 72.2, 72.9, 72.1, 72.9, 167757
ADANIENT,2016-06-07 15:15:00, 72.9, 73.1, 72.6, 72.8, 154314
ADANIENT,2016-06-08 09:15:00, 73.4, 74.1, 72.8, 74, 938551
ADANIENT,2016-06-08 09:45:00, 74.1, 75.5, 74.1, 74.85, 454806
ADANIENT,2016-06-08 10:15:00, 74.85, 74.85, 74.25, 74.45, 152697
ADANIENT,2016-06-08 10:45:00, 74.45, 74.55, 74.3, 74.35, 48079
ADANIENT,2016-06-08 11:15:00, 74.35, 75.25, 74.25, 74.8, 136907
ADANIENT,2016-06-08 11:45:00, 74.8, 75.25, 74.8, 74.95, 127211
ADANIENT,2016-06-08 12:15:00, 74.95, 74.95, 74.65, 74.8, 49922
ADANIENT,2016-06-08 12:45:00, 74.8, 74.95, 74.65, 74.8, 56048
ADANIENT,2016-06-08 13:15:00, 74.8, 74.85, 74.65, 74.75, 39112
ADANIENT,2016-06-08 13:45:00, 74.75, 75, 74.55, 74.8, 86372
ADANIENT,2016-06-08 14:15:00, 74.8, 74.85, 74.25, 74.8, 101837
ADANIENT,2016-06-08 14:45:00, 74.8, 75.25, 74.65, 75, 348389
ADANIENT,2016-06-08 15:15:00, 75, 75.15, 74.8, 74.85, 170309
ADANIENT,2016-06-09 09:15:00, 75.1, 75.7, 74.6, 75.5, 518732
ADANIENT,2016-06-09 09:45:00, 75.5, 75.5, 74.15, 74.35, 161841
ADANIENT,2016-06-09 10:15:00, 74.35, 74.8, 74.3, 74.65, 50617
ADANIENT,2016-06-09 10:45:00, 74.7, 74.8, 74.35, 74.45, 81133
ADANIENT,2016-06-09 11:15:00, 74.45, 74.5, 73.85, 74.15, 106786
ADANIENT,2016-06-09 11:45:00, 74.15, 74.55, 74.1, 74.55, 46826
ADANIENT,2016-06-09 12:15:00, 74.55, 74.8, 74.25, 74.45, 60793
ADANIENT,2016-06-09 12:45:00, 74.45, 74.45, 74.25, 74.35, 23976
ADANIENT,2016-06-09 13:15:00, 74.35, 74.75, 74.3, 74.7, 336780
ADANIENT,2016-06-09 13:45:00, 74.65, 74.8, 74, 74.05, 136647
ADANIENT,2016-06-09 14:15:00, 74.05, 74.55, 73.95, 74.2, 66250
ADANIENT,2016-06-09 14:45:00, 74.2, 74.75, 74.2, 74.55, 246439
ADANIENT,2016-06-09 15:15:00, 74.55, 75, 74.45, 74.8, 227734
ADANIENT,2016-06-10 09:15:00, 74.55, 75.9, 74.35, 75.65, 410277
ADANIENT,2016-06-10 09:45:00, 75.75, 75.75, 75.25, 75.45, 107560
ADANIENT,2016-06-10 10:15:00, 75.45, 75.6, 75.4, 75.6, 30954
ADANIENT,2016-06-10 10:45:00, 75.6, 75.6, 75.35, 75.6, 31936
ADANIENT,2016-06-10 11:15:00, 75.6, 75.6, 75.35, 75.45, 39203
ADANIENT,2016-06-10 11:45:00, 75.4, 75.5, 74.75, 75.15, 91119
ADANIENT,2016-06-10 12:15:00, 75.3, 75.3, 74.9, 75.2, 39983
ADANIENT,2016-06-10 12:45:00, 75.2, 75.2, 74.2, 74.5, 192359
ADANIENT,2016-06-10 13:15:00, 74.5, 74.65, 74.3, 74.5, 53193
ADANIENT,2016-06-10 13:45:00, 74.45, 74.8, 74.4, 74.65, 33858
ADANIENT,2016-06-10 14:15:00, 74.65, 74.7, 74.3, 74.4, 53122
ADANIENT,2016-06-10 14:45:00, 74.4, 74.8, 73.9, 74.7, 255004
ADANIENT,2016-06-10 15:15:00, 74.7, 75.25, 74.6, 74.9, 171168
ADANIENT,2016-06-13 09:15:00, 73.2, 73.95, 73.2, 73.6, 695342
ADANIENT,2016-06-13 09:45:00, 73.6, 73.8, 73.4, 73.75, 179702
ADANIENT,2016-06-13 10:15:00, 73.75, 74.35, 73.65, 74, 128042
ADANIENT,2016-06-13 10:45:00, 74, 74, 72.8, 73.15, 122944
ADANIENT,2016-06-13 11:15:00, 73.15, 73.2, 72.6, 72.75, 111862
ADANIENT,2016-06-13 11:45:00, 72.75, 72.75, 72.05, 72.5, 151438
ADANIENT,2016-06-13 12:15:00, 72.5, 72.75, 72.4, 72.75, 66796
ADANIENT,2016-06-13 12:45:00, 72.75, 72.85, 72.3, 72.5, 66731
ADANIENT,2016-06-13 13:15:00, 72.5, 73.05, 72.45, 73.05, 116332
ADANIENT,2016-06-13 13:45:00, 73.05, 73.05, 72.4, 72.5, 191721
ADANIENT,2016-06-13 14:15:00, 72.5, 72.7, 72.2, 72.25, 151819
ADANIENT,2016-06-13 14:45:00, 72.25, 72.95, 72.15, 72.9, 230068
ADANIENT,2016-06-13 15:15:00, 72.9, 73.15, 72.6, 72.7, 217536
ADANIENT,2016-06-14 09:15:00, 73.2, 73.6, 72.95, 73.35, 517208
ADANIENT,2016-06-14 09:45:00, 73.35, 74.6, 73.25, 74.6, 258219
ADANIENT,2016-06-14 10:15:00, 74.6, 75, 74.55, 74.75, 333427
ADANIENT,2016-06-14 10:45:00, 74.75, 74.8, 74.5, 74.65, 71961
ADANIENT,2016-06-14 11:15:00, 74.65, 77, 74.55, 76.2, 858341
ADANIENT,2016-06-14 11:45:00, 76.2, 76.7, 75.9, 76.35, 273429
ADANIENT,2016-06-14 12:15:00, 76.3, 76.4, 75.95, 76.15, 187092
ADANIENT,2016-06-14 12:45:00, 76.15, 76.7, 76.05, 76.5, 253884
ADANIENT,2016-06-14 13:15:00, 76.5, 78.6, 76.25, 77.95, 1079123
ADANIENT,2016-06-14 13:45:00, 77.85, 78, 77.4, 77.8, 389191
ADANIENT,2016-06-14 14:15:00, 77.8, 78.1, 77.5, 77.95, 403327
ADANIENT,2016-06-14 14:45:00, 77.95, 78.85, 77.85, 78.75, 826022
ADANIENT,2016-06-14 15:15:00, 78.75, 79.75, 78.4, 78.75, 1023604
ADANIENT,2016-06-15 09:15:00, 79.2, 79.5, 78.1, 78.3, 564246
ADANIENT,2016-06-15 09:45:00, 78.3, 78.5, 78.1, 78.3, 207161
ADANIENT,2016-06-15 10:15:00, 78.3, 80.35, 78.3, 80.3, 1069714
ADANIENT,2016-06-15 10:45:00, 80.3, 80.4, 78.8, 79.4, 661100
ADANIENT,2016-06-15 11:15:00, 79.4, 79.75, 79.25, 79.5, 159178
ADANIENT,2016-06-15 11:45:00, 79.5, 79.75, 78.85, 79.35, 218719
ADANIENT,2016-06-15 12:15:00, 79.5, 79.6, 79.35, 79.4, 73394
ADANIENT,2016-06-15 12:45:00, 79.4, 79.7, 79.4, 79.5, 95983
ADANIENT,2016-06-15 13:15:00, 79.5, 79.6, 79.1, 79.45, 100231
ADANIENT,2016-06-15 13:45:00, 79.45, 80.2, 79.35, 80.05, 314425
ADANIENT,2016-06-15 14:15:00, 80.05, 80.2, 79.65, 79.9, 313728
ADANIENT,2016-06-15 14:45:00, 79.9, 80.1, 79.8, 79.95, 404455
ADANIENT,2016-06-15 15:15:00, 79.95, 80.15, 79.3, 79.45, 394794
ADANIENT,2016-06-16 09:15:00, 79, 79.6, 78.25, 79.35, 410041
ADANIENT,2016-06-16 09:45:00, 79.35, 79.8, 78.9, 78.9, 223588
ADANIENT,2016-06-16 10:15:00, 78.9, 79, 78.05, 78.45, 278253
ADANIENT,2016-06-16 10:45:00, 78.45, 78.5, 77.7, 78.05, 227454
ADANIENT,2016-06-16 11:15:00, 78.05, 78.1, 77.2, 77.35, 190144
ADANIENT,2016-06-16 11:45:00, 77.35, 77.45, 76.8, 77, 183193
ADANIENT,2016-06-16 12:15:00, 77, 77.65, 77, 77.15, 106159
ADANIENT,2016-06-16 12:45:00, 77.15, 77.85, 77.15, 77.6, 96766
ADANIENT,2016-06-16 13:15:00, 77.6, 78.25, 77.6, 78.05, 109387
ADANIENT,2016-06-16 13:45:00, 78.05, 78.75, 78.05, 78.4, 197929
ADANIENT,2016-06-16 14:15:00, 78.4, 79.05, 77.9, 78.8, 234127
ADANIENT,2016-06-16 14:45:00, 78.8, 78.9, 78.4, 78.65, 164642
ADANIENT,2016-06-16 15:15:00, 78.75, 78.85, 78.45, 78.45, 231838
ADANIENT,2016-06-17 09:15:00, 79.5, 80.25, 79.4, 79.8, 378565
ADANIENT,2016-06-17 09:45:00, 79.8, 81.2, 78.9, 79.8, 1036007
ADANIENT,2016-06-17 10:15:00, 79.8, 80.6, 79.55, 80.2, 258786
ADANIENT,2016-06-17 10:45:00, 80.2, 80.4, 80.1, 80.3, 90376
ADANIENT,2016-06-17 11:15:00, 80.3, 80.5, 80.2, 80.2, 77241
ADANIENT,2016-06-17 11:45:00, 80.2, 80.4, 80.05, 80.25, 58959
ADANIENT,2016-06-17 12:15:00, 80.25, 80.45, 80, 80.25, 156449
ADANIENT,2016-06-17 12:45:00, 80.25, 80.35, 80.05, 80.25, 47607
ADANIENT,2016-06-17 13:15:00, 80.25, 80.4, 79.55, 79.7, 164997
ADANIENT,2016-06-17 13:45:00, 79.7, 80.1, 79.7, 80.05, 75559
ADANIENT,2016-06-17 14:15:00, 80.05, 80.15, 78.55, 78.8, 191893
ADANIENT,2016-06-17 14:45:00, 78.7, 79.35, 78.4, 78.95, 261512
ADANIENT,2016-06-17 15:15:00, 78.95, 79, 78.5, 78.55, 209623
ADANIENT,2016-06-20 09:15:00, 77.85, 79.45, 77.5, 79.05, 287927
ADANIENT,2016-06-20 09:45:00, 79.05, 80, 79.05, 79.35, 140485
ADANIENT,2016-06-20 10:15:00, 79.35, 79.7, 78.85, 78.85, 58173
ADANIENT,2016-06-20 10:45:00, 78.85, 79.45, 78.75, 79.1, 314305
ADANIENT,2016-06-20 11:15:00, 79.05, 79.55, 79.05, 79.35, 147562
ADANIENT,2016-06-20 11:45:00, 79.35, 79.9, 79.35, 79.65, 66921
ADANIENT,2016-06-20 12:15:00, 79.65, 80.75, 79.6, 80.65, 265001
ADANIENT,2016-06-20 12:45:00, 80.65, 80.8, 80.2, 80.35, 111645
ADANIENT,2016-06-20 13:15:00, 80.35, 80.4, 79.9, 80.3, 55577
ADANIENT,2016-06-20 13:45:00, 80.3, 80.75, 80.05, 80.55, 126444
ADANIENT,2016-06-20 14:15:00, 80.5, 80.65, 80.4, 80.45, 54001
ADANIENT,2016-06-20 14:45:00, 80.45, 80.55, 79.55, 79.75, 213155
ADANIENT,2016-06-20 15:15:00, 79.75, 79.95, 79.5, 79.95, 123957
ADANIENT,2016-06-21 09:15:00, 80, 80.7, 79.65, 80.1, 256273
ADANIENT,2016-06-21 09:45:00, 80.1, 80.15, 79.25, 79.65, 152661
ADANIENT,2016-06-21 10:15:00, 79.65, 79.85, 79.55, 79.55, 58436
ADANIENT,2016-06-21 10:45:00, 79.5, 79.55, 78.8, 79.05, 135671
ADANIENT,2016-06-21 11:15:00, 79.05, 79.15, 78.9, 79.05, 54633
ADANIENT,2016-06-21 11:45:00, 79.15, 79.3, 78.55, 78.6, 155182
ADANIENT,2016-06-21 12:15:00, 78.65, 78.7, 78.1, 78.15, 166079
ADANIENT,2016-06-21 12:45:00, 78.15, 79.15, 78.1, 78.8, 210622
ADANIENT,2016-06-21 13:15:00, 78.85, 79, 78.6, 78.75, 76045
ADANIENT,2016-06-21 13:45:00, 78.75, 78.95, 78.65, 78.65, 45110
ADANIENT,2016-06-21 14:15:00, 78.65, 78.95, 78.6, 78.85, 46410
ADANIENT,2016-06-21 14:45:00, 78.75, 78.85, 78.2, 78.65, 176768
ADANIENT,2016-06-21 15:15:00, 78.65, 78.95, 78.65, 78.9, 191294
ADANIENT,2016-06-22 09:15:00, 79.2, 79.6, 78.5, 78.75, 511223
ADANIENT,2016-06-22 09:45:00, 78.75, 78.95, 78.3, 78.45, 152848
ADANIENT,2016-06-22 10:15:00, 78.45, 78.45, 77.6, 77.9, 192391
ADANIENT,2016-06-22 10:45:00, 77.9, 78.1, 77.3, 77.8, 150612
ADANIENT,2016-06-22 11:15:00, 77.8, 77.85, 77.45, 77.5, 51988
ADANIENT,2016-06-22 11:45:00, 77.5, 77.8, 77.45, 77.7, 17672
ADANIENT,2016-06-22 12:15:00, 77.7, 77.95, 77.65, 77.9, 40234
ADANIENT,2016-06-22 12:45:00, 77.8, 77.95, 77.3, 77.6, 78590
ADANIENT,2016-06-22 13:15:00, 77.6, 78.4, 77.05, 77.1, 255442
ADANIENT,2016-06-22 13:45:00, 77.1, 77.35, 76.9, 77.05, 110022
ADANIENT,2016-06-22 14:15:00, 77.05, 77.5, 77.05, 77.2, 83252
ADANIENT,2016-06-22 14:45:00, 77.2, 78.2, 77, 77.65, 342244
ADANIENT,2016-06-22 15:15:00, 77.65, 77.9, 77.25, 77.3, 246949
ADANIENT,2016-06-23 09:15:00, 77.8, 78.25, 77.3, 77.95, 328939
ADANIENT,2016-06-23 09:45:00, 77.85, 78.85, 76.65, 78.15, 827317
ADANIENT,2016-06-23 10:15:00, 78.15, 78.2, 77.3, 77.6, 274524
ADANIENT,2016-06-23 10:45:00, 77.6, 77.75, 76.9, 77.65, 90014
ADANIENT,2016-06-23 11:15:00, 77.6, 77.6, 76.25, 76.95, 215012
ADANIENT,2016-06-23 11:45:00, 76.95, 77.1, 76.75, 76.85, 65950
ADANIENT,2016-06-23 12:15:00, 76.85, 77.25, 76.55, 77.2, 72911
ADANIENT,2016-06-23 12:45:00, 77.2, 77.3, 77.05, 77.3, 59613
ADANIENT,2016-06-23 13:15:00, 77.3, 77.9, 77.1, 77.3, 104247
ADANIENT,2016-06-23 13:45:00, 77.3, 77.6, 77, 77.6, 95618
ADANIENT,2016-06-23 14:15:00, 77.6, 78.55, 77.4, 78.4, 238794
ADANIENT,2016-06-23 14:45:00, 78.4, 79.25, 78.1, 78.75, 411444
ADANIENT,2016-06-23 15:15:00, 78.75, 78.85, 78.3, 78.4, 231425
ADANIENT,2016-06-24 09:15:00, 75.5, 75.85, 72.3, 74.3, 601469
ADANIENT,2016-06-24 09:45:00, 74.3, 74.3, 73, 73.25, 338746
ADANIENT,2016-06-24 10:15:00, 73.2, 73.85, 72.75, 73.85, 221829
ADANIENT,2016-06-24 10:45:00, 73.7, 73.8, 73.35, 73.5, 150515
ADANIENT,2016-06-24 11:15:00, 73.5, 73.75, 73.15, 73.5, 112861
ADANIENT,2016-06-24 11:45:00, 73.5, 73.65, 73.25, 73.3, 121858
ADANIENT,2016-06-24 12:15:00, 73.3, 73.4, 72.8, 73.2, 251796
ADANIENT,2016-06-24 12:45:00, 73.2, 73.85, 73.05, 73.85, 143528
ADANIENT,2016-06-24 13:15:00, 73.85, 74.2, 73.5, 74.15, 176541
ADANIENT,2016-06-24 13:45:00, 74.15, 74.5, 74, 74.35, 179892
ADANIENT,2016-06-24 14:15:00, 74.35, 74.8, 73.8, 74.1, 222410
ADANIENT,2016-06-24 14:45:00, 74.05, 74.4, 74, 74.35, 307782
ADANIENT,2016-06-24 15:15:00, 74.35, 74.4, 73.9, 74.05, 225293
ADANIENT,2016-06-27 09:15:00, 74.5, 75.75, 74.25, 75.55, 318478
ADANIENT,2016-06-27 09:45:00, 75.55, 75.7, 75.15, 75.5, 168871
ADANIENT,2016-06-27 10:15:00, 75.35, 75.7, 75.35, 75.45, 105076
ADANIENT,2016-06-27 10:45:00, 75.45, 75.6, 75.35, 75.45, 49377
ADANIENT,2016-06-27 11:15:00, 75.45, 75.5, 75.2, 75.45, 141129
ADANIENT,2016-06-27 11:45:00, 75.45, 75.65, 75.2, 75.6, 179659
ADANIENT,2016-06-27 12:15:00, 75.6, 75.8, 75.4, 75.75, 66931
ADANIENT,2016-06-27 12:45:00, 75.75, 76.1, 75.5, 75.9, 127476
ADANIENT,2016-06-27 13:15:00, 75.9, 75.9, 75.55, 75.6, 53777
ADANIENT,2016-06-27 13:45:00, 75.6, 75.8, 74.9, 75.3, 142268
ADANIENT,2016-06-27 14:15:00, 75.3, 75.8, 75.1, 75.7, 138463
ADANIENT,2016-06-27 14:45:00, 75.7, 75.85, 75.4, 75.6, 161272
ADANIENT,2016-06-27 15:15:00, 75.6, 75.75, 75.25, 75.5, 158858
ADANIENT,2016-06-28 09:15:00, 75.65, 78.25, 75.6, 77.85, 778692
ADANIENT,2016-06-28 09:45:00, 77.85, 78.25, 77.4, 77.85, 247354
ADANIENT,2016-06-28 10:15:00, 77.85, 78.6, 77.6, 78.35, 415229
ADANIENT,2016-06-28 10:45:00, 78.35, 78.55, 78.15, 78.35, 169844
ADANIENT,2016-06-28 11:15:00, 78.35, 79, 78.1, 78.85, 311813
ADANIENT,2016-06-28 11:45:00, 78.85, 78.95, 78.65, 78.8, 145312
ADANIENT,2016-06-28 12:15:00, 78.8, 81.55, 78.75, 81.2, 1684737
ADANIENT,2016-06-28 12:45:00, 81.2, 81.9, 81.1, 81.6, 961571
ADANIENT,2016-06-28 13:15:00, 81.6, 81.65, 81.3, 81.35, 217251
ADANIENT,2016-06-28 13:45:00, 81.35, 82.5, 81.3, 82.05, 1185820
ADANIENT,2016-06-28 14:15:00, 82.1, 82.2, 81.1, 81.3, 577060
ADANIENT,2016-06-28 14:45:00, 81.3, 81.9, 80.9, 81.1, 761840
ADANIENT,2016-06-28 15:15:00, 81.1, 81.9, 81.1, 81.9, 694880
ADANIENT,2016-06-29 09:15:00, 82.15, 82.15, 81.2, 81.65, 482151
ADANIENT,2016-06-29 09:45:00, 81.65, 81.7, 80.8, 81.2, 246725
ADANIENT,2016-06-29 10:15:00, 81.2, 81.4, 81.1, 81.2, 186025
ADANIENT,2016-06-29 10:45:00, 81.25, 81.95, 81.15, 81.8, 264793
ADANIENT,2016-06-29 11:15:00, 81.8, 83.6, 81.6, 83.15, 1268591
ADANIENT,2016-06-29 11:45:00, 83.15, 83.3, 82.9, 82.95, 216751
ADANIENT,2016-06-29 12:15:00, 82.95, 83.1, 82.9, 82.95, 172022
ADANIENT,2016-06-29 12:45:00, 82.95, 83.25, 82.9, 83.05, 220341
ADANIENT,2016-06-29 13:15:00, 83.05, 83.85, 83, 83.15, 546318
ADANIENT,2016-06-29 13:45:00, 83.15, 83.45, 83.1, 83.1, 165930
ADANIENT,2016-06-29 14:15:00, 83.1, 83.25, 82.95, 83.15, 173278
ADANIENT,2016-06-29 14:45:00, 83.15, 83.6, 83.05, 83.2, 405479
ADANIENT,2016-06-29 15:15:00, 83.2, 83.45, 83.05, 83.1, 386967
ADANIENT,2016-06-30 09:15:00, 83.6, 83.9, 83.25, 83.4, 347085
ADANIENT,2016-06-30 09:45:00, 83.4, 84.8, 83.4, 84.3, 476394
ADANIENT,2016-06-30 10:15:00, 84.3, 85.65, 84.2, 85.2, 737795
ADANIENT,2016-06-30 10:45:00, 85.2, 85.2, 84.15, 84.4, 318814
ADANIENT,2016-06-30 11:15:00, 84.4, 85.2, 84.35, 84.85, 365133
ADANIENT,2016-06-30 11:45:00, 84.85, 84.95, 84.6, 84.7, 137510
ADANIENT,2016-06-30 12:15:00, 84.7, 85, 84.7, 84.85, 148755
ADANIENT,2016-06-30 12:45:00, 84.85, 85.5, 84.75, 85.1, 233177
ADANIENT,2016-06-30 13:15:00, 85.1, 85.9, 85.1, 85.65, 373207
ADANIENT,2016-06-30 13:45:00, 85.65, 85.85, 85.3, 85.4, 143041
ADANIENT,2016-06-30 14:15:00, 85.4, 85.65, 85.05, 85.35, 191407
ADANIENT,2016-06-30 14:45:00, 85.35, 87.25, 85.25, 86.95, 1093280
ADANIENT,2016-06-30 15:15:00, 86.9, 87.5, 86.9, 87.1, 613984
ADANIENT,2016-07-01 09:15:00, 87.05, 87.1, 85.45, 85.55, 619410
ADANIENT,2016-07-01 09:45:00, 85.55, 85.9, 85.35, 85.65, 179666
ADANIENT,2016-07-01 10:15:00, 85.65, 85.75, 85.45, 85.55, 106447
ADANIENT,2016-07-01 10:45:00, 85.55, 85.7, 85.45, 85.6, 74372
ADANIENT,2016-07-01 11:15:00, 85.6, 85.65, 85.1, 85.35, 142603
ADANIENT,2016-07-01 11:45:00, 85.35, 85.7, 85.2, 85.7, 88566
ADANIENT,2016-07-01 12:15:00, 85.7, 85.8, 85.45, 85.6, 132667
ADANIENT,2016-07-01 12:45:00, 85.65, 85.85, 85.35, 85.6, 180541
ADANIENT,2016-07-01 13:15:00, 85.6, 85.6, 85, 85.45, 129064
ADANIENT,2016-07-01 13:45:00, 85.45, 85.7, 85.3, 85.4, 162775
ADANIENT,2016-07-01 14:15:00, 85.4, 85.8, 85, 85.2, 154675
ADANIENT,2016-07-01 14:45:00, 85.2, 85.2, 84.5, 84.65, 364079
ADANIENT,2016-07-01 15:15:00, 84.65, 84.85, 84.45, 84.5, 343668
ADANIENT,2016-07-04 09:15:00, 85.05, 86.1, 85.05, 85.4, 267973
ADANIENT,2016-07-04 09:45:00, 85.4, 85.5, 85.2, 85.35, 78684
ADANIENT,2016-07-04 10:15:00, 85.2, 85.65, 85.2, 85.4, 85391
ADANIENT,2016-07-04 10:45:00, 85.4, 85.6, 85.25, 85.3, 97694
ADANIENT,2016-07-04 11:15:00, 85.3, 85.5, 84.75, 85.4, 161660
ADANIENT,2016-07-04 11:45:00, 85.4, 85.7, 85.2, 85.5, 105661
ADANIENT,2016-07-04 12:15:00, 85.5, 85.85, 85.45, 85.55, 87249
ADANIENT,2016-07-04 12:45:00, 85.55, 85.75, 85.1, 85.15, 152945
ADANIENT,2016-07-04 13:15:00, 85.15, 85.65, 85.15, 85.15, 110475
ADANIENT,2016-07-04 13:45:00, 85.15, 85.4, 84.85, 85.15, 142031
ADANIENT,2016-07-04 14:15:00, 85.15, 85.8, 85.1, 85.4, 248954
ADANIENT,2016-07-04 14:45:00, 85.4, 86.1, 85, 86.05, 305589
ADANIENT,2016-07-04 15:15:00, 86.05, 86.85, 85.55, 85.7, 543053
ADANIENT,2016-07-05 09:15:00, 85.4, 86.45, 85.2, 85.5, 534226
ADANIENT,2016-07-05 09:45:00, 85.5, 86.05, 85.5, 85.9, 227693
ADANIENT,2016-07-05 10:15:00, 85.85, 86, 85.55, 85.8, 163981
ADANIENT,2016-07-05 10:45:00, 85.8, 85.85, 85.25, 85.45, 143121
ADANIENT,2016-07-05 11:15:00, 85.45, 85.55, 84.9, 85.35, 166291
ADANIENT,2016-07-05 11:45:00, 85.35, 85.7, 85.1, 85.5, 100147
ADANIENT,2016-07-05 12:15:00, 85.5, 85.5, 85.15, 85.3, 114445
ADANIENT,2016-07-05 12:45:00, 85.3, 85.4, 85.05, 85.35, 60206
ADANIENT,2016-07-05 13:15:00, 85.35, 85.85, 85.1, 85.5, 187701
ADANIENT,2016-07-05 13:45:00, 85.5, 85.55, 84.15, 84.55, 244327
ADANIENT,2016-07-05 14:15:00, 84.5, 84.85, 84.35, 84.4, 114165
ADANIENT,2016-07-05 14:45:00, 84.4, 84.6, 84.2, 84.45, 219097
ADANIENT,2016-07-05 15:15:00, 84.45, 85, 84.35, 84.5, 381599
ADANIENT,2016-07-07 09:15:00, 84.6, 85.1, 84.05, 84.75, 282770
ADANIENT,2016-07-07 09:45:00, 84.75, 85.15, 84.7, 84.75, 96485
ADANIENT,2016-07-07 10:15:00, 84.75, 84.95, 83.8, 84.35, 173074
ADANIENT,2016-07-07 10:45:00, 84.35, 84.45, 84, 84, 58826
ADANIENT,2016-07-07 11:15:00, 84, 84.2, 83.8, 84.1, 96001
ADANIENT,2016-07-07 11:45:00, 84.1, 84.3, 83.4, 83.7, 119113
ADANIENT,2016-07-07 12:15:00, 83.7, 84.3, 83.65, 84.2, 131343
ADANIENT,2016-07-07 12:45:00, 84.2, 84.2, 83.65, 83.85, 71082
ADANIENT,2016-07-07 13:15:00, 83.85, 84.25, 83.85, 84, 31126
ADANIENT,2016-07-07 13:45:00, 84, 84.2, 83.85, 84.1, 122959
ADANIENT,2016-07-07 14:15:00, 84.1, 84.4, 83.75, 83.8, 229634
ADANIENT,2016-07-07 14:45:00, 83.8, 83.9, 83.4, 83.5, 227304
ADANIENT,2016-07-07 15:15:00, 83.55, 84.05, 83.4, 83.85, 219223
ADANIENT,2016-07-08 09:15:00, 83.3, 83.5, 82.1, 82.35, 311180
ADANIENT,2016-07-08 09:45:00, 82.35, 82.55, 82.2, 82.35, 75815
ADANIENT,2016-07-08 10:15:00, 82.4, 82.4, 81.55, 81.65, 210533
ADANIENT,2016-07-08 10:45:00, 81.65, 82, 81.3, 81.65, 116339
ADANIENT,2016-07-08 11:15:00, 81.65, 81.9, 81, 81.3, 217678
ADANIENT,2016-07-08 11:45:00, 81.3, 81.35, 80.65, 81.05, 393031
ADANIENT,2016-07-08 12:15:00, 81.05, 81.25, 80.7, 81.1, 197979
ADANIENT,2016-07-08 12:45:00, 81.1, 81.25, 80.9, 81.05, 120984
ADANIENT,2016-07-08 13:15:00, 81.05, 81.75, 81, 81.65, 143111
ADANIENT,2016-07-08 13:45:00, 81.65, 81.7, 81.1, 81.35, 50240
ADANIENT,2016-07-08 14:15:00, 81.35, 81.7, 81.2, 81.35, 95947
ADANIENT,2016-07-08 14:45:00, 81.35, 82.25, 81.3, 81.8, 235276
ADANIENT,2016-07-08 15:15:00, 81.9, 82.2, 81.7, 81.95, 195666
ADANIENT,2016-07-11 09:15:00, 82.8, 84.3, 82.5, 83.75, 330861
ADANIENT,2016-07-11 09:45:00, 83.7, 84.1, 83.55, 83.85, 160688
ADANIENT,2016-07-11 10:15:00, 83.85, 84.2, 83.3, 83.6, 185387
ADANIENT,2016-07-11 10:45:00, 83.6, 83.7, 82.1, 83.3, 245138
ADANIENT,2016-07-11 11:15:00, 83.3, 83.5, 83.15, 83.4, 92905
ADANIENT,2016-07-11 11:45:00, 83.4, 83.5, 83.15, 83.3, 114127
ADANIENT,2016-07-11 12:15:00, 83.3, 83.5, 83.25, 83.4, 40133
ADANIENT,2016-07-11 12:45:00, 83.4, 83.4, 83, 83.25, 71503
ADANIENT,2016-07-11 13:15:00, 83.25, 83.8, 83.15, 83.75, 241890
ADANIENT,2016-07-11 13:45:00, 83.75, 83.75, 82.85, 83.35, 162631
ADANIENT,2016-07-11 14:15:00, 83.3, 83.4, 83, 83.3, 90025
ADANIENT,2016-07-11 14:45:00, 83.3, 83.75, 83.2, 83.45, 404898
ADANIENT,2016-07-11 15:15:00, 83.45, 84, 83.4, 83.9, 295358
ADANIENT,2016-07-12 09:15:00, 84.6, 84.8, 84.2, 84.3, 392950
ADANIENT,2016-07-12 09:45:00, 84.3, 84.35, 83.5, 83.75, 226212
ADANIENT,2016-07-12 10:15:00, 83.75, 84.1, 83.65, 83.9, 114041
ADANIENT,2016-07-12 10:45:00, 84, 84.55, 83.8, 83.8, 142648
ADANIENT,2016-07-12 11:15:00, 83.8, 84.5, 83.8, 84.35, 191367
ADANIENT,2016-07-12 11:45:00, 84.35, 84.35, 83.6, 83.8, 154260
ADANIENT,2016-07-12 12:15:00, 83.8, 84, 83.65, 83.75, 108101
ADANIENT,2016-07-12 12:45:00, 83.75, 83.9, 83.65, 83.75, 65323
ADANIENT,2016-07-12 13:15:00, 83.75, 83.75, 83.15, 83.5, 101362
ADANIENT,2016-07-12 13:45:00, 83.6, 84.15, 83.15, 83.4, 409906
ADANIENT,2016-07-12 14:15:00, 83.45, 83.75, 83.35, 83.65, 84244
ADANIENT,2016-07-12 14:45:00, 83.65, 84.3, 83.45, 84.05, 444920
ADANIENT,2016-07-12 15:15:00, 84.05, 84.45, 83.8, 84, 249473
ADANIENT,2016-07-13 09:15:00, 84.5, 85, 83.55, 84.65, 475924
ADANIENT,2016-07-13 09:45:00, 84.75, 85.4, 83.3, 84.15, 527642
ADANIENT,2016-07-13 10:15:00, 84.15, 84.6, 83.5, 83.7, 241770
ADANIENT,2016-07-13 10:45:00, 83.7, 83.9, 81.7, 82.15, 405300
ADANIENT,2016-07-13 11:15:00, 82.05, 82.6, 82.05, 82.45, 81998
ADANIENT,2016-07-13 11:45:00, 82.5, 83.2, 82.1, 82.65, 288736
ADANIENT,2016-07-13 12:15:00, 82.65, 82.7, 82.15, 82.65, 110951
ADANIENT,2016-07-13 12:45:00, 82.65, 82.8, 82.3, 82.55, 98795
ADANIENT,2016-07-13 13:15:00, 82.55, 82.85, 82.4, 82.6, 87930
ADANIENT,2016-07-13 13:45:00, 82.6, 82.9, 82.45, 82.5, 65955
ADANIENT,2016-07-13 14:15:00, 82.65, 82.8, 81.65, 82.1, 156028
ADANIENT,2016-07-13 14:45:00, 82.1, 82.75, 82, 82.5, 171633
ADANIENT,2016-07-13 15:15:00, 82.5, 82.7, 82, 82.4, 199876
ADANIENT,2016-07-14 09:15:00, 82, 82.95, 82, 82.55, 163748
ADANIENT,2016-07-14 09:45:00, 82.55, 83.2, 82.3, 82.8, 266933
ADANIENT,2016-07-14 10:15:00, 82.8, 83.1, 82.1, 82.25, 137393
ADANIENT,2016-07-14 10:45:00, 82.25, 82.55, 81.8, 82.3, 173985
ADANIENT,2016-07-14 11:15:00, 82.3, 82.4, 81.95, 82.35, 185322
ADANIENT,2016-07-14 11:45:00, 82.35, 82.7, 82.2, 82.6, 97197
ADANIENT,2016-07-14 12:15:00, 82.6, 82.65, 82.2, 82.65, 85269
ADANIENT,2016-07-14 12:45:00, 82.65, 82.65, 82.1, 82.4, 66069
ADANIENT,2016-07-14 13:15:00, 82.4, 82.6, 81.95, 82.3, 83823
ADANIENT,2016-07-14 13:45:00, 82.3, 82.45, 82.2, 82.4, 21765
ADANIENT,2016-07-14 14:15:00, 82.4, 82.4, 82.05, 82.2, 65338
ADANIENT,2016-07-14 14:45:00, 82.2, 82.2, 81.7, 81.95, 265761
ADANIENT,2016-07-14 15:15:00, 81.95, 82.2, 81.75, 82, 219701
ADANIENT,2016-07-15 09:15:00, 82.5, 83.65, 81.85, 82.2, 259187
ADANIENT,2016-07-15 09:45:00, 82.1, 82.7, 81.2, 81.6, 239802
ADANIENT,2016-07-15 10:15:00, 81.6, 81.85, 81.05, 81.55, 177569
ADANIENT,2016-07-15 10:45:00, 81.55, 81.75, 81.2, 81.45, 167428
ADANIENT,2016-07-15 11:15:00, 81.45, 82.35, 81.3, 81.6, 428222
ADANIENT,2016-07-15 11:45:00, 81.6, 81.7, 81.1, 81.5, 84171
ADANIENT,2016-07-15 12:15:00, 81.45, 81.65, 81.3, 81.5, 31311
ADANIENT,2016-07-15 12:45:00, 81.6, 81.75, 81.5, 81.7, 41930
ADANIENT,2016-07-15 13:15:00, 81.7, 81.7, 81.35, 81.4, 27386
ADANIENT,2016-07-15 13:45:00, 81.4, 81.75, 81.25, 81.5, 97932
ADANIENT,2016-07-15 14:15:00, 81.5, 81.5, 80.25, 80.6, 309155
ADANIENT,2016-07-15 14:45:00, 80.6, 80.85, 80, 80.4, 234105
ADANIENT,2016-07-15 15:15:00, 80.4, 81.5, 80.4, 81.4, 300857
ADANIENT,2016-07-18 09:15:00, 81.5, 82.15, 81.35, 82, 197281
ADANIENT,2016-07-18 09:45:00, 82, 82.35, 81.7, 82, 217743
ADANIENT,2016-07-18 10:15:00, 82, 82.15, 81.7, 82.15, 86485
ADANIENT,2016-07-18 10:45:00, 82.15, 82.15, 81.9, 81.95, 24277
ADANIENT,2016-07-18 11:15:00, 81.95, 83, 81.9, 82.85, 297292
ADANIENT,2016-07-18 11:45:00, 82.85, 84.1, 82.75, 83.75, 600048
ADANIENT,2016-07-18 12:15:00, 83.75, 84, 83.3, 83.9, 285695
ADANIENT,2016-07-18 12:45:00, 83.9, 83.95, 83.15, 83.2, 105362
ADANIENT,2016-07-18 13:15:00, 83.3, 83.4, 83, 83, 157125
ADANIENT,2016-07-18 13:45:00, 82.95, 83.3, 82.45, 83.1, 374290
ADANIENT,2016-07-18 14:15:00, 83.1, 83.2, 82.55, 82.75, 133923
ADANIENT,2016-07-18 14:45:00, 82.75, 82.85, 81, 81.3, 628629
ADANIENT,2016-07-18 15:15:00, 81.15, 81.25, 80.1, 80.2, 320946
ADANIENT,2016-07-19 09:15:00, 80.95, 81.25, 80.3, 80.9, 210866
ADANIENT,2016-07-19 09:45:00, 80.8, 81.3, 80.5, 81.3, 255804
ADANIENT,2016-07-19 10:15:00, 81.3, 82, 81.2, 81.4, 326070
ADANIENT,2016-07-19 10:45:00, 81.4, 81.5, 80.8, 81.05, 111351
ADANIENT,2016-07-19 11:15:00, 81.05, 81.3, 80.8, 81.2, 38300
ADANIENT,2016-07-19 11:45:00, 81.2, 81.35, 80.75, 81.1, 79269
ADANIENT,2016-07-19 12:15:00, 81.1, 81.35, 80.8, 81, 280089
ADANIENT,2016-07-19 12:45:00, 81, 81.15, 80.8, 80.8, 64800
ADANIENT,2016-07-19 13:15:00, 80.8, 80.8, 79.5, 80.05, 299787
ADANIENT,2016-07-19 13:45:00, 80.05, 80.4, 79.65, 79.95, 101350
ADANIENT,2016-07-19 14:15:00, 79.95, 80.25, 79.6, 79.95, 121065
ADANIENT,2016-07-19 14:45:00, 79.95, 80.5, 79.85, 80.3, 234777
ADANIENT,2016-07-19 15:15:00, 80.3, 80.6, 80.1, 80.2, 195218
ADANIENT,2016-07-20 09:15:00, 80.65, 81.1, 80.25, 80.85, 254618
ADANIENT,2016-07-20 09:45:00, 80.85, 81.6, 80.75, 81.5, 168844
ADANIENT,2016-07-20 10:15:00, 81.5, 81.7, 81.1, 81.4, 181861
ADANIENT,2016-07-20 10:45:00, 81.4, 81.7, 81.15, 81.45, 96852
ADANIENT,2016-07-20 11:15:00, 81.45, 83.3, 81.45, 83.15, 647325
ADANIENT,2016-07-20 11:45:00, 83.15, 83.65, 82.7, 82.95, 406054
ADANIENT,2016-07-20 12:15:00, 82.95, 83.3, 82.55, 82.55, 585863
ADANIENT,2016-07-20 12:45:00, 82.55, 83.1, 82.5, 82.6, 542330
ADANIENT,2016-07-20 13:15:00, 82.6, 82.6, 82.05, 82.3, 137247
ADANIENT,2016-07-20 13:45:00, 82.35, 82.6, 82.15, 82.3, 76166
ADANIENT,2016-07-20 14:15:00, 82.3, 82.8, 82.15, 82.4, 212540
ADANIENT,2016-07-20 14:45:00, 82.4, 83, 82.35, 82.75, 338549
ADANIENT,2016-07-20 15:15:00, 82.75, 83.35, 82.55, 83.1, 299354
ADANIENT,2016-07-21 09:15:00, 83.45, 84.3, 83.2, 83.2, 354018
ADANIENT,2016-07-21 09:45:00, 83.2, 83.4, 82.65, 83.1, 226333
ADANIENT,2016-07-21 10:15:00, 83.1, 83.3, 82.9, 83, 216737
ADANIENT,2016-07-21 10:45:00, 83, 83.05, 82.45, 82.9, 288700
ADANIENT,2016-07-21 11:15:00, 82.9, 83.4, 82.4, 82.9, 190906
ADANIENT,2016-07-21 11:45:00, 82.9, 83.2, 81.75, 82.2, 333517
ADANIENT,2016-07-21 12:15:00, 82.2, 82.45, 82.1, 82.2, 85565
ADANIENT,2016-07-21 12:45:00, 82.2, 82.2, 81.15, 81.15, 321062
ADANIENT,2016-07-21 13:15:00, 81.15, 81.95, 80.8, 81.7, 194332
ADANIENT,2016-07-21 13:45:00, 81.7, 81.9, 81.1, 81.4, 88025
ADANIENT,2016-07-21 14:15:00, 81.4, 81.7, 81.25, 81.65, 80219
ADANIENT,2016-07-21 14:45:00, 81.65, 81.7, 80.85, 81.3, 299154
ADANIENT,2016-07-21 15:15:00, 81.3, 81.4, 80.5, 80.7, 226912
ADANIENT,2016-07-22 09:15:00, 80.4, 81.65, 80.4, 81.2, 330802
ADANIENT,2016-07-22 09:45:00, 81.2, 81.5, 80.7, 81.35, 177427
ADANIENT,2016-07-22 10:15:00, 81.35, 82.15, 81.2, 81.4, 318299
ADANIENT,2016-07-22 10:45:00, 81.4, 81.75, 81.4, 81.75, 108694
ADANIENT,2016-07-22 11:15:00, 81.75, 81.95, 81.5, 81.65, 136099
ADANIENT,2016-07-22 11:45:00, 81.65, 82.05, 81.3, 81.8, 145296
ADANIENT,2016-07-22 12:15:00, 81.8, 81.8, 81.4, 81.5, 48114
ADANIENT,2016-07-22 12:45:00, 81.5, 82.2, 81.4, 81.95, 166379
ADANIENT,2016-07-22 13:15:00, 81.95, 82.05, 81.45, 81.55, 94965
ADANIENT,2016-07-22 13:45:00, 81.55, 81.9, 80.9, 81.7, 200146
ADANIENT,2016-07-22 14:15:00, 81.7, 82.1, 81.4, 81.7, 207734
ADANIENT,2016-07-22 14:45:00, 81.6, 81.9, 81.4, 81.6, 152943
ADANIENT,2016-07-22 15:15:00, 81.7, 81.75, 81.3, 81.45, 171622
ADANIENT,2016-07-25 09:15:00, 81.4, 81.8, 80.55, 80.85, 419078
ADANIENT,2016-07-25 09:45:00, 80.85, 81.3, 80.7, 81.15, 101526
ADANIENT,2016-07-25 10:15:00, 81.15, 81.35, 80.25, 80.75, 543004
ADANIENT,2016-07-25 10:45:00, 80.65, 81.2, 80.5, 81.05, 165296
ADANIENT,2016-07-25 11:15:00, 81, 81.25, 80.7, 80.95, 167812
ADANIENT,2016-07-25 11:45:00, 80.95, 81, 80.6, 80.85, 134042
ADANIENT,2016-07-25 12:15:00, 80.75, 81.05, 80.3, 80.7, 246575
ADANIENT,2016-07-25 12:45:00, 80.55, 80.8, 80.4, 80.65, 357138
ADANIENT,2016-07-25 13:15:00, 80.65, 80.8, 80.55, 80.65, 57436
ADANIENT,2016-07-25 13:45:00, 80.65, 81, 80.3, 80.5, 278077
ADANIENT,2016-07-25 14:15:00, 80.5, 81.1, 80, 80.35, 433180
ADANIENT,2016-07-25 14:45:00, 80.4, 81, 80.2, 80.95, 397327
ADANIENT,2016-07-25 15:15:00, 80.95, 81.1, 80.7, 80.85, 312823
ADANIENT,2016-07-26 09:15:00, 81.2, 81.95, 81.1, 81.75, 247065
ADANIENT,2016-07-26 09:45:00, 81.75, 82.65, 81.75, 82.25, 428887
ADANIENT,2016-07-26 10:15:00, 82.25, 82.65, 82.05, 82.15, 287486
ADANIENT,2016-07-26 10:45:00, 82.15, 82.2, 81.55, 81.9, 251591
ADANIENT,2016-07-26 11:15:00, 81.9, 82.15, 81.7, 81.95, 163366
ADANIENT,2016-07-26 11:45:00, 82, 82.3, 81.75, 82.25, 216872
ADANIENT,2016-07-26 12:15:00, 82.25, 82.5, 82.1, 82.2, 265663
ADANIENT,2016-07-26 12:45:00, 82.2, 82.45, 82.05, 82.25, 289957
ADANIENT,2016-07-26 13:15:00, 82.25, 84.35, 82.15, 83.9, 1406867
ADANIENT,2016-07-26 13:45:00, 83.95, 85.2, 83.8, 84.5, 1588872
ADANIENT,2016-07-26 14:15:00, 84.5, 84.55, 83.7, 84.2, 822276
ADANIENT,2016-07-26 14:45:00, 84.2, 84.3, 82.45, 82.65, 1312458
ADANIENT,2016-07-26 15:15:00, 82.7, 83, 82.5, 82.9, 350193
ADANIENT,2016-07-27 09:15:00, 83.35, 83.6, 82.55, 82.55, 371670
ADANIENT,2016-07-27 09:45:00, 82.55, 83.25, 82.5, 83.05, 205128
ADANIENT,2016-07-27 10:15:00, 83.05, 83.85, 82.65, 83.25, 445744
ADANIENT,2016-07-27 10:45:00, 83.25, 83.4, 83.1, 83.25, 133731
ADANIENT,2016-07-27 11:15:00, 83.25, 83.3, 82.2, 83.25, 610036
ADANIENT,2016-07-27 11:45:00, 83.3, 84.2, 82.8, 82.8, 1077974
ADANIENT,2016-07-27 12:15:00, 82.8, 83.45, 82.75, 83.4, 129678
ADANIENT,2016-07-27 12:45:00, 83.4, 84.1, 82.85, 83, 451178
ADANIENT,2016-07-27 13:15:00, 82.95, 83.4, 82.9, 83.15, 151885
ADANIENT,2016-07-27 13:45:00, 83.15, 83.4, 82.6, 82.95, 495966
ADANIENT,2016-07-27 14:15:00, 82.95, 83.35, 82.7, 82.7, 490235
ADANIENT,2016-07-27 14:45:00, 82.7, 83.25, 82.7, 83, 232878
ADANIENT,2016-07-27 15:15:00, 83, 83, 82.65, 82.75, 264718
ADANIENT,2016-07-28 09:15:00, 83.2, 83.55, 82.3, 82.55, 591561
ADANIENT,2016-07-28 09:45:00, 82.55, 82.65, 82.4, 82.6, 308115
ADANIENT,2016-07-28 10:15:00, 82.6, 82.65, 82.1, 82.3, 774547
ADANIENT,2016-07-28 10:45:00, 82.3, 83.25, 82.1, 82.9, 1049396
ADANIENT,2016-07-28 11:15:00, 82.9, 83.75, 82.35, 82.5, 1143739
ADANIENT,2016-07-28 11:45:00, 82.55, 82.6, 82.35, 82.4, 458621
ADANIENT,2016-07-28 12:15:00, 82.4, 82.45, 81.25, 81.65, 1211669
ADANIENT,2016-07-28 12:45:00, 81.65, 81.9, 81.35, 81.7, 420319
ADANIENT,2016-07-28 13:15:00, 81.7, 81.95, 81.6, 81.8, 293455
ADANIENT,2016-07-28 13:45:00, 81.8, 82.5, 81.5, 82.5, 456792
ADANIENT,2016-07-28 14:15:00, 82.4, 82.5, 81.35, 81.45, 459384
ADANIENT,2016-07-28 14:45:00, 81.45, 81.65, 79.8, 80.45, 2944655
ADANIENT,2016-07-28 15:15:00, 80.35, 83.95, 80.1, 80.9, 18200154
ADANIENT,2016-07-29 09:15:00, 80.45, 81.25, 80.25, 80.95, 1040065
ADANIENT,2016-07-29 09:45:00, 80.95, 81.25, 80.7, 80.95, 399910
ADANIENT,2016-07-29 10:15:00, 80.95, 81.2, 80.7, 80.95, 128221
ADANIENT,2016-07-29 10:45:00, 80.95, 81.65, 80.75, 81.15, 239041
ADANIENT,2016-07-29 11:15:00, 81.15, 82.1, 81.05, 81.35, 488621
ADANIENT,2016-07-29 11:45:00, 81.35, 81.55, 81.05, 81.3, 91412
ADANIENT,2016-07-29 12:15:00, 81.3, 81.35, 81.05, 81.1, 80636
ADANIENT,2016-07-29 12:45:00, 81.1, 81.25, 80.85, 81.2, 139830
ADANIENT,2016-07-29 13:15:00, 81.2, 81.3, 80.9, 81.1, 73683
ADANIENT,2016-07-29 13:45:00, 81.1, 81.2, 80.2, 80.5, 393109
ADANIENT,2016-07-29 14:15:00, 80.5, 80.75, 80.1, 80.45, 263069
ADANIENT,2016-07-29 14:45:00, 80.45, 80.95, 80.25, 80.75, 351240
ADANIENT,2016-07-29 15:15:00, 80.75, 80.8, 80.45, 80.55, 215732
ADANIENT,2016-08-01 09:15:00, 81.2, 81.5, 81.15, 81.35, 185861
ADANIENT,2016-08-01 09:45:00, 81.35, 81.45, 81.1, 81.3, 57383
ADANIENT,2016-08-01 10:15:00, 81.3, 81.75, 81.25, 81.5, 99111
ADANIENT,2016-08-01 10:45:00, 81.5, 81.5, 81.2, 81.3, 37441
ADANIENT,2016-08-01 11:15:00, 81.3, 81.4, 80.5, 80.95, 125545
ADANIENT,2016-08-01 11:45:00, 80.95, 81.1, 80.1, 80.75, 371189
ADANIENT,2016-08-01 12:15:00, 80.7, 80.7, 78.5, 78.55, 652978
ADANIENT,2016-08-01 12:45:00, 78.55, 78.85, 74.9, 76.75, 1088501
ADANIENT,2016-08-01 13:15:00, 76.75, 77.7, 76.5, 77.55, 412951
ADANIENT,2016-08-01 13:45:00, 77.55, 78.05, 77.25, 77.3, 381044
ADANIENT,2016-08-01 14:15:00, 77.3, 77.45, 76.7, 77.35, 398525
ADANIENT,2016-08-01 14:45:00, 77.35, 78.15, 77, 77.9, 506975
ADANIENT,2016-08-01 15:15:00, 77.75, 77.9, 77.5, 77.7, 318919
ADANIENT,2016-08-02 09:15:00, 77.4, 78.65, 77.4, 78.35, 808630
ADANIENT,2016-08-02 09:45:00, 78.35, 78.8, 78.2, 78.45, 182480
ADANIENT,2016-08-02 10:15:00, 78.45, 79, 78.2, 78.8, 127498
ADANIENT,2016-08-02 10:45:00, 78.8, 78.9, 78.7, 78.75, 194311
ADANIENT,2016-08-02 11:15:00, 78.75, 78.9, 78, 78.3, 135263
ADANIENT,2016-08-02 11:45:00, 78.3, 78.65, 78.1, 78.2, 126084
ADANIENT,2016-08-02 12:15:00, 78.2, 78.25, 77.55, 77.6, 163489
ADANIENT,2016-08-02 12:45:00, 77.6, 78.35, 77.5, 78.2, 91642
ADANIENT,2016-08-02 13:15:00, 78.2, 78.7, 78.15, 78.6, 86857
ADANIENT,2016-08-02 13:45:00, 78.6, 78.6, 77.2, 77.4, 288127
ADANIENT,2016-08-02 14:15:00, 77.4, 77.8, 77.3, 77.55, 170662
ADANIENT,2016-08-02 14:45:00, 77.55, 78.15, 77.55, 77.9, 188871
ADANIENT,2016-08-02 15:15:00, 77.85, 77.95, 77.6, 77.85, 217919
ADANIENT,2016-08-03 09:15:00, 77.7, 78.2, 76.35, 76.5, 805537
ADANIENT,2016-08-03 09:45:00, 76.5, 77.35, 76.5, 77.1, 242410
ADANIENT,2016-08-03 10:15:00, 77.1, 77.6, 76.7, 76.75, 509206
ADANIENT,2016-08-03 10:45:00, 76.8, 76.8, 75.8, 76, 578907
ADANIENT,2016-08-03 11:15:00, 76, 76.4, 75.35, 75.5, 210165
ADANIENT,2016-08-03 11:45:00, 75.5, 76.3, 75.4, 75.85, 224590
ADANIENT,2016-08-03 12:15:00, 75.85, 76.15, 75.55, 76, 119568
ADANIENT,2016-08-03 12:45:00, 76, 76, 75.5, 75.6, 145605
ADANIENT,2016-08-03 13:15:00, 75.7, 76.05, 75.55, 75.7, 89077
ADANIENT,2016-08-03 13:45:00, 75.65, 76.1, 75.65, 75.8, 88471
ADANIENT,2016-08-03 14:15:00, 75.9, 75.95, 75.35, 75.45, 172225
ADANIENT,2016-08-03 14:45:00, 75.45, 75.75, 75, 75.2, 298854
ADANIENT,2016-08-03 15:15:00, 75.2, 75.45, 74.85, 75.35, 319081
ADANIENT,2016-08-04 09:15:00, 75.8, 76.05, 74.25, 75.25, 611389
ADANIENT,2016-08-04 09:45:00, 75.25, 76.25, 75.1, 75.9, 267221
ADANIENT,2016-08-04 10:15:00, 75.9, 76.5, 75.5, 75.85, 225728
ADANIENT,2016-08-04 10:45:00, 75.85, 76.25, 75.8, 75.95, 78366
ADANIENT,2016-08-04 11:15:00, 75.9, 75.95, 75.6, 75.6, 83350
ADANIENT,2016-08-04 11:45:00, 75.6, 76.2, 75.55, 76, 80236
ADANIENT,2016-08-04 12:15:00, 76, 76.5, 75.8, 76.1, 135376
ADANIENT,2016-08-04 12:45:00, 76.1, 76.2, 75.6, 75.75, 83624
ADANIENT,2016-08-04 13:15:00, 75.65, 76.1, 75.65, 75.8, 48531
ADANIENT,2016-08-04 13:45:00, 75.8, 76, 75.65, 76, 45147
ADANIENT,2016-08-04 14:15:00, 76, 76.2, 75.75, 76.15, 93794
ADANIENT,2016-08-04 14:45:00, 76.1, 77.1, 76, 76.6, 429788
ADANIENT,2016-08-04 15:15:00, 76.6, 76.95, 76.25, 76.7, 187951
ADANIENT,2016-08-05 09:15:00, 77.25, 77.4, 76.2, 77, 307775
ADANIENT,2016-08-05 09:45:00, 77, 77.55, 76.7, 77, 268530
ADANIENT,2016-08-05 10:15:00, 77, 77.3, 76.3, 76.3, 227170
ADANIENT,2016-08-05 10:45:00, 76.25, 76.8, 76.2, 76.7, 159311
ADANIENT,2016-08-05 11:15:00, 76.7, 77, 76.6, 76.8, 144219
ADANIENT,2016-08-05 11:45:00, 76.8, 77.1, 76.65, 76.85, 157693
ADANIENT,2016-08-05 12:15:00, 76.85, 77.05, 76.75, 76.9, 260199
ADANIENT,2016-08-05 12:45:00, 76.9, 77.1, 76.3, 76.45, 173615
ADANIENT,2016-08-05 13:15:00, 76.45, 76.8, 75.95, 76.3, 335672
ADANIENT,2016-08-05 13:45:00, 76.3, 76.5, 76.15, 76.2, 199691
ADANIENT,2016-08-05 14:15:00, 76.2, 76.3, 75.55, 76.25, 399864
ADANIENT,2016-08-05 14:45:00, 76.25, 77.65, 76.25, 77.5, 550875
ADANIENT,2016-08-05 15:15:00, 77.45, 77.5, 77.1, 77.25, 187706
ADANIENT,2016-08-08 09:15:00, 78, 78.3, 77, 77.9, 370686
ADANIENT,2016-08-08 09:45:00, 77.9, 77.95, 77.6, 77.65, 59608
ADANIENT,2016-08-08 10:15:00, 77.75, 78.1, 77.3, 77.6, 146063
ADANIENT,2016-08-08 10:45:00, 77.6, 78.85, 77.5, 78.6, 334649
ADANIENT,2016-08-08 11:15:00, 78.6, 79.2, 78.15, 78.45, 333012
ADANIENT,2016-08-08 11:45:00, 78.45, 78.55, 78.05, 78.4, 64549
ADANIENT,2016-08-08 12:15:00, 78.4, 78.8, 78.35, 78.6, 87326
ADANIENT,2016-08-08 12:45:00, 78.6, 78.75, 78.45, 78.6, 39958
ADANIENT,2016-08-08 13:15:00, 78.6, 79.2, 78.4, 79.1, 250971
ADANIENT,2016-08-08 13:45:00, 79.1, 79.15, 78.5, 78.85, 113885
ADANIENT,2016-08-08 14:15:00, 78.85, 79, 78.7, 78.8, 93036
ADANIENT,2016-08-08 14:45:00, 78.8, 79.1, 78.35, 78.45, 245676
ADANIENT,2016-08-08 15:15:00, 78.5, 78.8, 78.45, 78.5, 207979
ADANIENT,2016-08-09 09:15:00, 79.15, 79.15, 78.2, 78.35, 210928
ADANIENT,2016-08-09 09:45:00, 78.35, 79, 78.1, 78.45, 134579
ADANIENT,2016-08-09 10:15:00, 78.45, 78.8, 78.2, 78.45, 175980
ADANIENT,2016-08-09 10:45:00, 78.45, 78.45, 77.6, 78.2, 204813
ADANIENT,2016-08-09 11:15:00, 78.2, 78.45, 76.8, 77.95, 756676
ADANIENT,2016-08-09 11:45:00, 77.95, 77.95, 77.1, 77.35, 176992
ADANIENT,2016-08-09 12:15:00, 77.35, 77.4, 77, 77.35, 78782
ADANIENT,2016-08-09 12:45:00, 77.35, 77.4, 77.1, 77.1, 82484
ADANIENT,2016-08-09 13:15:00, 77.1, 77.4, 77.1, 77.15, 84537
ADANIENT,2016-08-09 13:45:00, 77.15, 77.8, 77.15, 77.65, 71415
ADANIENT,2016-08-09 14:15:00, 77.65, 77.75, 77.3, 77.5, 117262
ADANIENT,2016-08-09 14:45:00, 77.4, 77.75, 77.3, 77.55, 160588
ADANIENT,2016-08-09 15:15:00, 77.55, 77.85, 77.4, 77.8, 227472
ADANIENT,2016-08-10 09:15:00, 77.85, 79.2, 77.75, 78.7, 888878
ADANIENT,2016-08-10 09:45:00, 78.65, 78.8, 78.2, 78.3, 255184
ADANIENT,2016-08-10 10:15:00, 78.3, 78.4, 76.55, 77.1, 727053
ADANIENT,2016-08-10 10:45:00, 77.1, 77.75, 76.9, 77.45, 384977
ADANIENT,2016-08-10 11:15:00, 77.45, 78.55, 77.25, 77.75, 540220
ADANIENT,2016-08-10 11:45:00, 77.8, 78.15, 77.6, 77.9, 203947
ADANIENT,2016-08-10 12:15:00, 77.9, 78.6, 77.85, 78.15, 227731
ADANIENT,2016-08-10 12:45:00, 78.15, 78.3, 77.8, 77.8, 119551
ADANIENT,2016-08-10 13:15:00, 77.8, 78.15, 77.15, 77.3, 270747
ADANIENT,2016-08-10 13:45:00, 77.3, 77.9, 77.15, 77.55, 155471
ADANIENT,2016-08-10 14:15:00, 77.55, 80.75, 77.2, 79.65, 4973882
ADANIENT,2016-08-10 14:45:00, 79.65, 81.4, 79.35, 79.5, 2912609
ADANIENT,2016-08-10 15:15:00, 79.45, 79.6, 79.2, 79.4, 714422
ADANIENT,2016-08-11 09:15:00, 80, 80.2, 77.9, 78.35, 844938
ADANIENT,2016-08-11 09:45:00, 78.35, 78.9, 78.2, 78.25, 235951
ADANIENT,2016-08-11 10:15:00, 78.25, 78.35, 77.15, 77.75, 479760
ADANIENT,2016-08-11 10:45:00, 77.75, 77.75, 76.6, 76.75, 341235
ADANIENT,2016-08-11 11:15:00, 76.75, 77.1, 76.35, 76.95, 347073
ADANIENT,2016-08-11 11:45:00, 76.95, 77.2, 76.85, 76.9, 114849
ADANIENT,2016-08-11 12:15:00, 77, 77.1, 75.85, 76.5, 452384
ADANIENT,2016-08-11 12:45:00, 76.4, 76.4, 74.85, 75.5, 655738
ADANIENT,2016-08-11 13:15:00, 75.5, 75.6, 74.65, 75.45, 655091
ADANIENT,2016-08-11 13:45:00, 75.35, 75.6, 74.9, 75.35, 267046
ADANIENT,2016-08-11 14:15:00, 75.35, 75.6, 75.15, 75.55, 204685
ADANIENT,2016-08-11 14:45:00, 75.55, 76.2, 75.4, 76.1, 615439
ADANIENT,2016-08-11 15:15:00, 76.1, 76.15, 75.6, 75.6, 368720
ADANIENT,2016-08-12 09:15:00, 76, 76.35, 75.2, 75.7, 464523
ADANIENT,2016-08-12 09:45:00, 75.7, 75.8, 75.5, 75.8, 134104
ADANIENT,2016-08-12 10:15:00, 75.8, 75.9, 75.55, 75.6, 83188
ADANIENT,2016-08-12 10:45:00, 75.65, 75.8, 75.55, 75.7, 66166
ADANIENT,2016-08-12 11:15:00, 75.7, 75.75, 75.05, 75.2, 178826
ADANIENT,2016-08-12 11:45:00, 75.2, 75.25, 74.5, 75, 239506
ADANIENT,2016-08-12 12:15:00, 75, 75.35, 74.5, 75.25, 156805
ADANIENT,2016-08-12 12:45:00, 75.25, 75.5, 74.9, 75.4, 115215
ADANIENT,2016-08-12 13:15:00, 75.4, 75.9, 74.85, 75.1, 214887
ADANIENT,2016-08-12 13:45:00, 75.1, 75.25, 74.7, 75.15, 137952
ADANIENT,2016-08-12 14:15:00, 75.15, 75.3, 74.8, 75.25, 109110
ADANIENT,2016-08-12 14:45:00, 75.2, 75.5, 74.75, 74.95, 280170
ADANIENT,2016-08-12 15:15:00, 74.95, 75.15, 74.7, 74.9, 409962
ADANIENT,2016-08-16 09:15:00, 75.1, 75.25, 74.25, 74.95, 519474
ADANIENT,2016-08-16 09:45:00, 74.95, 75.65, 74.7, 75.25, 497968
ADANIENT,2016-08-16 10:15:00, 75.25, 75.25, 74.65, 75, 368898
ADANIENT,2016-08-16 10:45:00, 75, 75.2, 73.5, 74, 549723
ADANIENT,2016-08-16 11:15:00, 74, 74.2, 73.6, 73.9, 211928
ADANIENT,2016-08-16 11:45:00, 73.9, 74, 73.55, 73.85, 110830
ADANIENT,2016-08-16 12:15:00, 73.85, 74.25, 73.65, 74.15, 116255
ADANIENT,2016-08-16 12:45:00, 74.15, 74.3, 73.85, 74, 119364
ADANIENT,2016-08-16 13:15:00, 74, 74.15, 73.75, 73.85, 147590
ADANIENT,2016-08-16 13:45:00, 73.85, 74.05, 73.65, 73.8, 141003
ADANIENT,2016-08-16 14:15:00, 73.8, 74.1, 73.7, 73.8, 192229
ADANIENT,2016-08-16 14:45:00, 73.8, 74.2, 73.8, 73.95, 330456
ADANIENT,2016-08-16 15:15:00, 73.95, 74, 73.6, 73.8, 273325
ADANIENT,2016-08-17 09:15:00, 74, 74.55, 73.85, 74.4, 303378
ADANIENT,2016-08-17 09:45:00, 74.3, 74.45, 74, 74.35, 148156
ADANIENT,2016-08-17 10:15:00, 74.35, 74.95, 74.3, 74.35, 241118
ADANIENT,2016-08-17 10:45:00, 74.35, 74.8, 74.3, 74.55, 252548
ADANIENT,2016-08-17 11:15:00, 74.55, 74.85, 74.4, 74.7, 263833
ADANIENT,2016-08-17 11:45:00, 74.7, 75.55, 74.65, 75.05, 358431
ADANIENT,2016-08-17 12:15:00, 75.05, 75.25, 74.5, 74.5, 203718
ADANIENT,2016-08-17 12:45:00, 74.5, 74.75, 74.25, 74.55, 118313
ADANIENT,2016-08-17 13:15:00, 74.55, 74.65, 74.1, 74.35, 244475
ADANIENT,2016-08-17 13:45:00, 74.35, 74.55, 74.2, 74.3, 129871
ADANIENT,2016-08-17 14:15:00, 74.3, 74.35, 74.15, 74.35, 112501
ADANIENT,2016-08-17 14:45:00, 74.35, 74.55, 74.15, 74.3, 272694
ADANIENT,2016-08-17 15:15:00, 74.3, 74.55, 74.2, 74.2, 340286
ADANIENT,2016-08-18 09:15:00, 74.7, 75.2, 74.45, 74.95, 326360
ADANIENT,2016-08-18 09:45:00, 74.95, 75.35, 74.75, 74.9, 364095
ADANIENT,2016-08-18 10:15:00, 74.9, 75.3, 74.9, 75.1, 191413
ADANIENT,2016-08-18 10:45:00, 75.15, 75.2, 74.8, 75.05, 118060
ADANIENT,2016-08-18 11:15:00, 75.05, 75.15, 74.8, 75.05, 77264
ADANIENT,2016-08-18 11:45:00, 75, 75.05, 74.9, 75.05, 88572
ADANIENT,2016-08-18 12:15:00, 75.05, 75.75, 74.95, 75.35, 279760
ADANIENT,2016-08-18 12:45:00, 75.35, 75.4, 75.15, 75.2, 77946
ADANIENT,2016-08-18 13:15:00, 75.2, 75.5, 75.15, 75.25, 89169
ADANIENT,2016-08-18 13:45:00, 75.25, 75.3, 74.8, 74.95, 107663
ADANIENT,2016-08-18 14:15:00, 74.95, 75.15, 74.6, 74.85, 123695
ADANIENT,2016-08-18 14:45:00, 74.9, 75.1, 74.7, 74.7, 198228
ADANIENT,2016-08-18 15:15:00, 74.7, 74.95, 74.45, 74.9, 385601
ADANIENT,2016-08-19 09:15:00, 74.9, 75.75, 74.8, 75.6, 425951
ADANIENT,2016-08-19 09:45:00, 75.6, 75.65, 75.3, 75.3, 212719
ADANIENT,2016-08-19 10:15:00, 75.4, 75.45, 75.1, 75.4, 77850
ADANIENT,2016-08-19 10:45:00, 75.4, 75.4, 75.15, 75.35, 35201
ADANIENT,2016-08-19 11:15:00, 75.35, 75.55, 75.2, 75.4, 136430
ADANIENT,2016-08-19 11:45:00, 75.4, 76.1, 75.4, 75.75, 290125
ADANIENT,2016-08-19 12:15:00, 75.75, 75.75, 75.3, 75.3, 121991
ADANIENT,2016-08-19 12:45:00, 75.3, 75.4, 74.75, 75.15, 254026
ADANIENT,2016-08-19 13:15:00, 75.15, 75.45, 75, 75.15, 98560
ADANIENT,2016-08-19 13:45:00, 75.15, 78.35, 74.85, 77.3, 3194323
ADANIENT,2016-08-19 14:15:00, 77.25, 77.5, 76.7, 77.05, 1039545
ADANIENT,2016-08-19 14:45:00, 77, 77.45, 76.8, 76.95, 625386
ADANIENT,2016-08-19 15:15:00, 77, 77.1, 76.7, 76.7, 627524
ADANIENT,2016-08-22 09:15:00, 76.95, 76.95, 75.7, 76.2, 639647
ADANIENT,2016-08-22 09:45:00, 76.2, 76.4, 75.4, 75.75, 257828
ADANIENT,2016-08-22 10:15:00, 75.65, 75.8, 74.85, 75.35, 329645
ADANIENT,2016-08-22 10:45:00, 75.35, 75.65, 75.25, 75.6, 109875
ADANIENT,2016-08-22 11:15:00, 75.6, 75.7, 75.2, 75.35, 82067
ADANIENT,2016-08-22 11:45:00, 75.35, 75.6, 75.35, 75.4, 81289
ADANIENT,2016-08-22 12:15:00, 75.4, 75.6, 75.35, 75.5, 69873
ADANIENT,2016-08-22 12:45:00, 75.5, 75.9, 75.5, 75.5, 117374
ADANIENT,2016-08-22 13:15:00, 75.5, 75.8, 75.45, 75.7, 82554
ADANIENT,2016-08-22 13:45:00, 75.6, 75.7, 75.45, 75.65, 73756
ADANIENT,2016-08-22 14:15:00, 75.65, 75.85, 75.2, 75.3, 402048
ADANIENT,2016-08-22 14:45:00, 75.3, 75.45, 74.8, 74.9, 454472
ADANIENT,2016-08-22 15:15:00, 74.9, 75.2, 74.55, 74.95, 385077
ADANIENT,2016-08-23 09:15:00, 74.9, 75, 74.5, 74.85, 401413
ADANIENT,2016-08-23 09:45:00, 74.8, 75.4, 74.8, 75.05, 238395
ADANIENT,2016-08-23 10:15:00, 75.05, 75.25, 74.9, 74.9, 94435
ADANIENT,2016-08-23 10:45:00, 74.9, 75.1, 74.8, 74.95, 59639
ADANIENT,2016-08-23 11:15:00, 74.95, 75.25, 74.85, 75.1, 65628
ADANIENT,2016-08-23 11:45:00, 75.1, 75.2, 74.8, 74.9, 47700
ADANIENT,2016-08-23 12:15:00, 74.9, 75.3, 74.9, 75.1, 62421
ADANIENT,2016-08-23 12:45:00, 75.1, 75.3, 74.85, 74.95, 81749
ADANIENT,2016-08-23 13:15:00, 74.95, 75.1, 74.2, 74.7, 215251
ADANIENT,2016-08-23 13:45:00, 74.7, 74.75, 73.75, 74.15, 352494
ADANIENT,2016-08-23 14:15:00, 74.15, 74.55, 74.05, 74.3, 103021
ADANIENT,2016-08-23 14:45:00, 74.3, 74.5, 74.2, 74.4, 163258
ADANIENT,2016-08-23 15:15:00, 74.4, 74.7, 74.3, 74.5, 319867
ADANIENT,2016-08-24 09:15:00, 74.65, 75.35, 74.3, 75.15, 379162
ADANIENT,2016-08-24 09:45:00, 75.15, 75.2, 74.65, 74.8, 135434
ADANIENT,2016-08-24 10:15:00, 74.8, 74.85, 74.25, 74.6, 191966
ADANIENT,2016-08-24 10:45:00, 74.6, 74.8, 74.5, 74.55, 71371
ADANIENT,2016-08-24 11:15:00, 74.55, 74.75, 74.5, 74.6, 75323
ADANIENT,2016-08-24 11:45:00, 74.6, 74.65, 74.35, 74.35, 129910
ADANIENT,2016-08-24 12:15:00, 74.35, 74.5, 74.1, 74.15, 168814
ADANIENT,2016-08-24 12:45:00, 74.15, 74.6, 74.15, 74.5, 114945
ADANIENT,2016-08-24 13:15:00, 74.5, 74.6, 74.2, 74.45, 246859
ADANIENT,2016-08-24 13:45:00, 74.45, 74.6, 74.25, 74.55, 170741
ADANIENT,2016-08-24 14:15:00, 74.55, 74.7, 74.45, 74.6, 95462
ADANIENT,2016-08-24 14:45:00, 74.6, 75.2, 74.45, 74.8, 417499
ADANIENT,2016-08-24 15:15:00, 74.8, 75.1, 74.5, 74.85, 443492
ADANIENT,2016-08-25 09:15:00, 74.9, 75.3, 74.6, 74.9, 345105
ADANIENT,2016-08-25 09:45:00, 74.9, 75, 74.6, 74.9, 133130
ADANIENT,2016-08-25 10:15:00, 74.9, 75, 74.75, 74.8, 82827
ADANIENT,2016-08-25 10:45:00, 74.8, 75.15, 74.8, 74.95, 84374
ADANIENT,2016-08-25 11:15:00, 74.95, 75.2, 74.75, 74.85, 121208
ADANIENT,2016-08-25 11:45:00, 74.85, 75.05, 74.75, 74.95, 89878
ADANIENT,2016-08-25 12:15:00, 74.95, 75.05, 74.8, 74.9, 66707
ADANIENT,2016-08-25 12:45:00, 74.9, 75, 74.3, 74.55, 182394
ADANIENT,2016-08-25 13:15:00, 74.55, 74.65, 74.05, 74.35, 204691
ADANIENT,2016-08-25 13:45:00, 74.4, 74.55, 74.15, 74.35, 140448
ADANIENT,2016-08-25 14:15:00, 74.35, 74.4, 73.7, 74.15, 430548
ADANIENT,2016-08-25 14:45:00, 74.15, 74.25, 73.1, 73.15, 810781
ADANIENT,2016-08-25 15:15:00, 73.2, 73.45, 73, 73.25, 1013374
ADANIENT,2016-08-26 09:15:00, 73.5, 74, 73.45, 73.6, 248306
ADANIENT,2016-08-26 09:45:00, 73.6, 73.75, 72.7, 72.85, 316574
ADANIENT,2016-08-26 10:15:00, 72.85, 73.1, 72.7, 73.05, 172038
ADANIENT,2016-08-26 10:45:00, 73.05, 73.2, 72.75, 72.95, 126168
ADANIENT,2016-08-26 11:15:00, 72.95, 73.1, 72.75, 72.8, 110387
ADANIENT,2016-08-26 11:45:00, 72.8, 72.9, 72.2, 72.5, 196456
ADANIENT,2016-08-26 12:15:00, 72.5, 72.7, 72.4, 72.65, 51892
ADANIENT,2016-08-26 12:45:00, 72.65, 72.85, 72.25, 72.6, 61373
ADANIENT,2016-08-26 13:15:00, 72.6, 72.75, 72, 72.1, 228743
ADANIENT,2016-08-26 13:45:00, 72.15, 72.35, 71.85, 72, 147071
ADANIENT,2016-08-26 14:15:00, 72, 72.2, 71.7, 72, 193762
ADANIENT,2016-08-26 14:45:00, 72, 72.3, 72, 72.3, 206271
ADANIENT,2016-08-26 15:15:00, 72.3, 72.45, 72.15, 72.2, 313414
ADANIENT,2016-08-29 09:15:00, 70.55, 71.7, 70.55, 71.4, 733892
ADANIENT,2016-08-29 09:45:00, 71.4, 71.4, 70.85, 71.25, 239847
ADANIENT,2016-08-29 10:15:00, 71.25, 74.1, 71, 73.65, 2204089
ADANIENT,2016-08-29 10:45:00, 73.65, 73.7, 72.7, 72.95, 573400
ADANIENT,2016-08-29 11:15:00, 72.95, 73.3, 72.85, 73.05, 155308
ADANIENT,2016-08-29 11:45:00, 73.05, 73.1, 72.55, 72.75, 331797
ADANIENT,2016-08-29 12:15:00, 72.75, 73.05, 72.35, 72.8, 361033
ADANIENT,2016-08-29 12:45:00, 72.8, 73.1, 72.6, 72.7, 199019
ADANIENT,2016-08-29 13:15:00, 72.7, 72.8, 72.4, 72.6, 82139
ADANIENT,2016-08-29 13:45:00, 72.6, 73.05, 72.6, 72.7, 157373
ADANIENT,2016-08-29 14:15:00, 72.7, 73, 72.7, 72.8, 135424
ADANIENT,2016-08-29 14:45:00, 72.7, 73, 72.65, 72.85, 281175
ADANIENT,2016-08-29 15:15:00, 72.85, 72.95, 72.55, 72.6, 432254
ADANIENT,2016-08-30 09:15:00, 73, 73.5, 73, 73.2, 299164
ADANIENT,2016-08-30 09:45:00, 73.2, 73.35, 72.75, 73.1, 191381
ADANIENT,2016-08-30 10:15:00, 73.1, 73.4, 72.8, 73.25, 166196
ADANIENT,2016-08-30 10:45:00, 73.25, 73.25, 72.85, 73.2, 102911
ADANIENT,2016-08-30 11:15:00, 73.2, 73.3, 73, 73.15, 94494
ADANIENT,2016-08-30 11:45:00, 73.15, 73.3, 73.05, 73.1, 46194
ADANIENT,2016-08-30 12:15:00, 73.1, 73.4, 72.9, 73.3, 221724
ADANIENT,2016-08-30 12:45:00, 73.3, 73.35, 73.1, 73.2, 92631
ADANIENT,2016-08-30 13:15:00, 73.2, 73.3, 73, 73.1, 74529
ADANIENT,2016-08-30 13:45:00, 73.1, 73.4, 73, 73.35, 97648
ADANIENT,2016-08-30 14:15:00, 73.4, 73.9, 73.2, 73.55, 384033
ADANIENT,2016-08-30 14:45:00, 73.6, 73.6, 73.2, 73.25, 297837
ADANIENT,2016-08-30 15:15:00, 73.3, 73.5, 73.2, 73.2, 326994
ADANIENT,2016-08-31 09:15:00, 73.65, 73.95, 73.3, 73.5, 343333
ADANIENT,2016-08-31 09:45:00, 73.5, 73.75, 73.05, 73.3, 197277
ADANIENT,2016-08-31 10:15:00, 73.3, 73.35, 73, 73.3, 104460
ADANIENT,2016-08-31 10:45:00, 73.3, 73.45, 72.75, 73.3, 167070
ADANIENT,2016-08-31 11:15:00, 73.3, 73.35, 73.05, 73.25, 86255
ADANIENT,2016-08-31 11:45:00, 73.25, 73.5, 73.1, 73.1, 69869
ADANIENT,2016-08-31 12:15:00, 73.05, 73.25, 72.9, 73.1, 93198
ADANIENT,2016-08-31 12:45:00, 73.1, 73.4, 73.05, 73.1, 73376
ADANIENT,2016-08-31 13:15:00, 73.1, 73.45, 73.1, 73.3, 106278
ADANIENT,2016-08-31 13:45:00, 73.3, 73.5, 73.1, 73.3, 129064
ADANIENT,2016-08-31 14:15:00, 73.3, 73.35, 73.1, 73.25, 168652
ADANIENT,2016-08-31 14:45:00, 73.3, 73.3, 72.7, 72.75, 275617
ADANIENT,2016-08-31 15:15:00, 72.75, 73, 72.6, 72.9, 289179
ADANIENT,2016-09-01 09:15:00, 72.95, 73.15, 72.25, 72.7, 261397
ADANIENT,2016-09-01 09:45:00, 72.7, 73.45, 72.65, 73.15, 203630
ADANIENT,2016-09-01 10:15:00, 73.15, 73.4, 73.1, 73.2, 99339
ADANIENT,2016-09-01 10:45:00, 73.2, 73.35, 72.65, 72.8, 177837
ADANIENT,2016-09-01 11:15:00, 72.8, 72.9, 72, 72.3, 199907
ADANIENT,2016-09-01 11:45:00, 72.3, 72.45, 71.7, 72.15, 229225
ADANIENT,2016-09-01 12:15:00, 72.15, 72.2, 71.85, 71.9, 100998
ADANIENT,2016-09-01 12:45:00, 72, 72.35, 71.9, 72.25, 72640
ADANIENT,2016-09-01 13:15:00, 72.15, 72.3, 72.1, 72.2, 41561
ADANIENT,2016-09-01 13:45:00, 72.2, 72.25, 71.45, 71.7, 156395
ADANIENT,2016-09-01 14:15:00, 71.7, 71.8, 71.05, 71.15, 220884
ADANIENT,2016-09-01 14:45:00, 71.2, 71.2, 70.2, 70.5, 558946
ADANIENT,2016-09-01 15:15:00, 70.5, 70.8, 70.35, 70.7, 385375
ADANIENT,2016-09-02 09:15:00, 70.8, 71.4, 70.65, 71.2, 291116
ADANIENT,2016-09-02 09:45:00, 71.2, 71.75, 70.85, 71.65, 220022
ADANIENT,2016-09-02 10:15:00, 71.65, 71.7, 71.05, 71.15, 108793
ADANIENT,2016-09-02 10:45:00, 71.15, 71.5, 71.15, 71.3, 58011
ADANIENT,2016-09-02 11:15:00, 71.3, 71.6, 71.3, 71.45, 71761
ADANIENT,2016-09-02 11:45:00, 71.45, 71.45, 71.15, 71.15, 48759
ADANIENT,2016-09-02 12:15:00, 71.2, 71.4, 71.05, 71.2, 55971
ADANIENT,2016-09-02 12:45:00, 71.2, 71.35, 71, 71.15, 82305
ADANIENT,2016-09-02 13:15:00, 71.15, 71.4, 71.1, 71.35, 73272
ADANIENT,2016-09-02 13:45:00, 71.35, 71.5, 71.15, 71.35, 140033
ADANIENT,2016-09-02 14:15:00, 71.35, 71.65, 71.25, 71.4, 147528
ADANIENT,2016-09-02 14:45:00, 71.4, 71.55, 71, 71.15, 312300
ADANIENT,2016-09-02 15:15:00, 71.15, 71.25, 70.8, 71.05, 275456
ADANIENT,2016-09-06 09:15:00, 71.6, 72.45, 71.6, 72.3, 336806
ADANIENT,2016-09-06 09:45:00, 72.3, 72.7, 72.1, 72.4, 173042
ADANIENT,2016-09-06 10:15:00, 72.4, 72.6, 72.25, 72.35, 78278
ADANIENT,2016-09-06 10:45:00, 72.35, 72.7, 72.3, 72.55, 105623
ADANIENT,2016-09-06 11:15:00, 72.55, 72.85, 72.45, 72.6, 105503
ADANIENT,2016-09-06 11:45:00, 72.6, 72.75, 72.4, 72.7, 65340
ADANIENT,2016-09-06 12:15:00, 72.75, 72.75, 72.4, 72.45, 58989
ADANIENT,2016-09-06 12:45:00, 72.45, 72.6, 72.1, 72.35, 143098
ADANIENT,2016-09-06 13:15:00, 72.35, 72.45, 72, 72.3, 399520
ADANIENT,2016-09-06 13:45:00, 72.3, 72.45, 72.1, 72.3, 123608
ADANIENT,2016-09-06 14:15:00, 72.3, 72.55, 72.1, 72.25, 216106
ADANIENT,2016-09-06 14:45:00, 72.25, 72.4, 72.05, 72.15, 156392
ADANIENT,2016-09-06 15:15:00, 72.15, 72.15, 72, 72.15, 241098
ADANIENT,2016-09-07 09:15:00, 72.3, 72.4, 71.7, 71.9, 229760
ADANIENT,2016-09-07 09:45:00, 71.9, 72.45, 71.85, 72.15, 144261
ADANIENT,2016-09-07 10:15:00, 72.15, 72.35, 72.1, 72.25, 68887
ADANIENT,2016-09-07 10:45:00, 72.25, 73, 72.2, 72.85, 450535
ADANIENT,2016-09-07 11:15:00, 72.85, 73.1, 72.55, 72.75, 226357
ADANIENT,2016-09-07 11:45:00, 72.75, 73, 72.65, 72.8, 60957
ADANIENT,2016-09-07 12:15:00, 72.8, 72.85, 72.55, 72.55, 31317
ADANIENT,2016-09-07 12:45:00, 72.65, 72.85, 72.35, 72.7, 101102
ADANIENT,2016-09-07 13:15:00, 72.7, 72.85, 72.5, 72.65, 78644
ADANIENT,2016-09-07 13:45:00, 72.65, 73.8, 72.55, 73.05, 517073
ADANIENT,2016-09-07 14:15:00, 73.05, 73.3, 72.4, 72.45, 201262
ADANIENT,2016-09-07 14:45:00, 72.55, 72.7, 72.15, 72.35, 254937
ADANIENT,2016-09-07 15:15:00, 72.35, 72.65, 72.35, 72.5, 177949
ADANIENT,2016-09-08 09:15:00, 72.6, 73.35, 72.2, 73.25, 186991
ADANIENT,2016-09-08 09:45:00, 73.25, 74.2, 73, 74.2, 816737
ADANIENT,2016-09-08 10:15:00, 74.2, 74.45, 73.9, 74.4, 288641
ADANIENT,2016-09-08 10:45:00, 74.5, 74.75, 74.1, 74.2, 308263
ADANIENT,2016-09-08 11:15:00, 74.2, 74.3, 73.75, 74, 134893
ADANIENT,2016-09-08 11:45:00, 74, 74.3, 74, 74.2, 59251
ADANIENT,2016-09-08 12:15:00, 74.2, 74.2, 73.6, 74.15, 115378
ADANIENT,2016-09-08 12:45:00, 74.15, 74.2, 73.85, 74, 104910
ADANIENT,2016-09-08 13:15:00, 74, 74, 73.6, 73.8, 87513
ADANIENT,2016-09-08 13:45:00, 73.8, 73.95, 73.75, 73.9, 69396
ADANIENT,2016-09-08 14:15:00, 73.9, 74.4, 73.8, 74.1, 277156
ADANIENT,2016-09-08 14:45:00, 74.1, 74.85, 74.05, 74.1, 511569
ADANIENT,2016-09-08 15:15:00, 74.1, 74.7, 74.05, 74.6, 319419
ADANIENT,2016-09-09 09:15:00, 74.65, 74.65, 73.9, 74.4, 261429
ADANIENT,2016-09-09 09:45:00, 74.4, 74.6, 73.8, 73.85, 182035
ADANIENT,2016-09-09 10:15:00, 73.85, 73.85, 73.25, 73.65, 230723
ADANIENT,2016-09-09 10:45:00, 73.65, 74.15, 73.6, 73.85, 144306
ADANIENT,2016-09-09 11:15:00, 73.85, 73.95, 73.35, 73.5, 67788
ADANIENT,2016-09-09 11:45:00, 73.5, 73.75, 73.35, 73.6, 73388
ADANIENT,2016-09-09 12:15:00, 73.6, 73.85, 73.35, 73.75, 70764
ADANIENT,2016-09-09 12:45:00, 73.75, 73.95, 73.6, 73.85, 72868
ADANIENT,2016-09-09 13:15:00, 73.85, 74.25, 73.85, 74.15, 113776
ADANIENT,2016-09-09 13:45:00, 74.15, 74.4, 73.8, 74.15, 88540
ADANIENT,2016-09-09 14:15:00, 74.2, 74.3, 73.8, 73.8, 62650
ADANIENT,2016-09-09 14:45:00, 73.8, 73.8, 73.45, 73.5, 160066
ADANIENT,2016-09-09 15:15:00, 73.5, 73.6, 73.3, 73.5, 164012
